"""Bungaku Shoujo"" Movie";6408;{'tv': 96737};1
.hack//G.U. Trilogy;3269;{'tv': 8864};1
.hack//G.U. Trilogy;11375;{'tv': 8864};2
009 Re:Cyborg;11755;{'movie': [127544]};1
1000-nen Joou: Queen Millennia;1549;{'tv': 34839};1
1001 Nights;3914;{'movie': [42067]};1
11-nin Iru!;1901;{'movie': [28214]};1
11-piki no Neko;6071;{'movie': [600796]};1
5-toubun no Hanayome Movie;131520;{'movie': [820067]};1
8-gatsu no Symphony: Shibuya 2002-2003;6670;{'movie': [309806]};1
A.LI.CE;3463;{'movie': [276878]};1
Aa! Megami-sama! Movie;304;{'tv': 912};1
Aachi wa Ssipak;2884;{'movie': [22520]};1
Accel World: Infinite∞Burst;21404;{'tv': 43167};1
Ace wo Nerae! (1979);313;{'tv': 46419};1
Adachi-ga Hara;8181;{'movie': [364564]};1
Afro Samurai: Resurrection;4970;{'tv': 19544};1
Ahiru no Otegara;6852;{'movie': [380374]};1
Ai;6535;{'movie': [147566]};1
Ai City;5053;{'movie': [78260]};1
Ai no Utagoe wo Kikasete;123899;{'movie': [741335]};1
Ai to Ken no Camelot: Mangaka Marina Time Slip Jiken;5931;{'movie': [763776]};1
Aikatsu! Movie;20640;{'tv': 65503};1
Air Movie;713;{'tv': 26201};1
Akage no Anne: Green Gables e no Michi;8950;{'movie': [373394]};1
Aki no Kanade;21069;{'movie': [334493]};1
Akihabara Dennou-gumi: 2011-nen no Natsuyasumi;2289;{'tv': 19697};1
Akira;47;{'movie': [149]};1
Alexander Senki Movie;5157;{'tv': 35508};1
Ali Baba to 40-hiki no Touzoku;3843;{'movie': [70520]};1
Alice to Therese no Maboroshi Koujou;136149;{'movie': [845387]};1
All You Need Is Kill;187892;{'movie': [1432547]};1
Alps no Shoujo Heidi (1979);9547;{'tv': 29452};1
Alps no Shoujo Heidi (1979);9548;{'tv': 29452};2
Alps no Shoujo Heidi (1979);9549;{'tv': 29452};3
Ame wo Tsugeru Hyouryuu Danchi;139643;{'movie': [877957]};1
Amon Saga;2249;{'movie': [88852]};1
Amrita no Kyouen;114606;{'movie': [725064]};1
Andersen Douwa: Ningyohime;3043;{'movie': [59593]};1
Andersen Monogatari;5098;{'movie': [314223]};1
Anime Sanjuushi: Aramis no Bouken;2334;{'tv': 20784};1
Anju to Zushioumaru;7610;{'movie': [109715]};1
Anne no Nikki;3829;{'movie': [128396]};1
Ano Hi Mita Hana no Namae wo Bokutachi wa Mada Shiranai. Movie;15039;{'tv': 39434};1
Ansatsu Kyoushitsu: 365-nichi no Jikan;101102;{'movie': [431808]};1
Ao Oni The Animation (Movie);21898;{'tv': 68137};1
Ao no Exorcist Movie;11737;{'tv': 38464};1
Aoi Kioku: Manmou Kaitaku to Shounen-tachi;17117;{'movie': [1448917]};1
Aoki Densetsu Shoot! (Movie);2682;{'tv': 34173};1
Aos;6950;{'movie': [106201]};1
Appaga Piryohae;4099;{'movie': [90933]};1
Appleseed (Movie);54;{'tv': 45348};1
Appleseed (Movie);2969;{'tv': 45348};2
Appleseed (Movie);20786;{'tv': 45348};3
Aquarion Movie: Ippatsu Gyakuten-hen;6032;{'tv': 8872};1
Arabian Night: Sindbad no Bouken;7786;{'tv': 21174};1
Arashi no Yoru ni;1961;{'movie': [19961]};1
Area 88 Movie;98129;{'tv': 34823};1
Arei no Kagami: Way to the Virgin Space;7156;{'movie': [394829]};1
Arete Hime;1028;{'movie': [59297]};1
Aria the Benedizione;130558;{'movie': [808604]};1
Aria the Crepuscolo;117556;{'movie': [726550]};1
Arion;791;{'movie': [22679]};1
Armageddon;4567;{'movie': [207278]};1
Armitage III: Poly-Matrix;493;{'tv': 69980};1
Armitage III: Poly-Matrix;492;{'tv': 69980};2
Aru Machi Kado no Monogatari;1497;{'movie': [85802]};1
Ashita Genki ni Nare!: Hanbun no Satsumaimo;17493;{'movie': [734687]};1
Ashita Sekai ga Owaru toshitemo;104562;{'movie': [553833]};1
Ashita no Joe (Movie);2920;{'tv': 25117};1
Ashita no Joe (Movie);2922;{'tv': 25117};2
Asura;8475;{'movie': [181656]};1
Asylum Session;6281;{'movie': [60131]};1
Atagoal wa Neko no Mori;5503;{'movie': [266610]};1
Atama Yama;1370;{'movie': [36072]};1
Atashinchi Movie;9795;{'tv': 9537};1
Atashinchi Movie;9796;{'tv': 9537};2
Attack No.1 (1970);9163;{'tv': 46348};1
Attack No.1 (1970);9165;{'tv': 46348};2
Attack No.1 (1970);9166;{'tv': 46348};3
Attack No.1 (1970);9164;{'tv': 46348};4
Aura: Maryuuin Kouga Saigo no Tatakai;14669;{'movie': [225086]};1
Avengers Confidential: Black Widow to Punisher;108815;{'movie': [257346]};1
Baguda-jou no Touzoku;104422;{'movie': [403205]};1
Bakemono no Ko;20981;{'movie': [315465]};1
Bakeneko Anzu-chan;158641;{'movie': [1030588]};1
Bakumatsu no Spasibo;8092;{'movie': [491356]};1
Bakuten Shoot Beyblade the Movie: Gekitou!! Takao vs. Daichi;1670;{'tv': 54728};1
Bakuten!! Movie;136064;{'movie': [952175]};1
BanG Dream! Film Live;108735;{'tv': 69236};1
BanG Dream! Film Live 2nd Stage;116610;{'movie': [745115]};1
BanG Dream! Movie: Poppin' Dream!;117765;{'movie': [922495]};1
Bao Lian Deng;7752;{'movie': [331253]};1
Bara no Hana to Joe;9279;{'movie': [328363]};1
Baton;6189;{'movie': [41444]};1
Bayonetta: Bloody Fate;20442;{'movie': [242546]};1
Beast Wars Second Chou Seimeitai Transformers: Lio Convoy Kiki Ippatsu! Movie;5289;{'tv': 31098};1
Bem Movie: Become Human;119258;{'movie': [711683]};1
Benkei tai Ushiwaka;12561;{'movie': [345817]};1
Bikkuriman: Daiichiji Seima Taisen;10203;{'tv': 19343};1
Biohazard: Damnation;9544;{'movie': [133121]};1
Biohazard: Death Island;161441;{'movie': [1083862]};1
Biohazard: Degeneration;3446;{'movie': [13648]};1
Biohazard: Vendetta;21464;{'movie': [400136]};1
Birthday Boy;5469;{'movie': [48606]};1
Bishoujo Senshi Sailor Moon R: The Movie;531;{'tv': 3570};1
Bishoujo Senshi Sailor Moon R: The Movie;997;{'tv': 3570};2
Bishoujo Senshi Sailor Moon R: The Movie;1240;{'tv': 3570};3
Black Clover: Mahou Tei no Ken;131680;{'movie': [812225]};1
Black Fox;101317;{'movie': [609202]};1
Black Jack the Movie;1521;{'tv': 30083};1
Black Jack the Movie;10055;{'tv': 30083};2
Black Jack: Futari no Kuroi Isha;1983;{'tv': 35868};1
Blame! Movie;21498;{'tv': 94936};1
Bleach Movie 1: Memories of Nobody;1686;{'movie': [15575]};1
Bleach Movie 2: The DiamondDust Rebellion - Mou Hitotsu no Hyourinmaru;2889;{'movie': [17101]};1
Bleach Movie 3: Fade to Black - Kimi no Na wo Yobu;4835;{'movie': [17165]};1
Bleach Movie 4: Jigoku-hen;8247;{'movie': [73245]};1
Blood-C: The Last Dark;10681;{'tv': 43270};1
Blood: The Last Vampire;405;{'tv': 19849};1
Bloody Escape: Jigoku no Tousou Geki;144770;{'movie': [1103432]};1
Blue Gender: The Warrior;1380;{'tv': 19855};1
Blue Giant;140499;{'movie': [887870]};1
Blue Lock: Episode Nagi;163147;{'movie': [1104844]};1
Blue Remains;4733;{'movie': [410145]};1
Blue Thermal;138379;{'movie': [865767]};1
Bobby ni Kubittake;3120;{'movie': [34775]};1
Bocchi the Rock! Movie;165253;{'movie': [1129610, 1201387]};1
Boku ga Aishita Subete no Kimi e;139310;{'movie': [874743]};1
Boku no Hero Academia the Movie 1: Futari no Hero;100723;{'movie': [505262]};1
Boku no Hero Academia the Movie 2: Heroes:Rising;108553;{'movie': [592350]};1
Boku no Hero Academia the Movie 3: World Heroes' Mission;126659;{'movie': [768744]};1
Boku no Hero Academia the Movie 4: You're Next;168013;{'movie': [1159311]};1
Boku no Hero Academia: UA Heroes Battle;169402;{'tv': 65930};1
Boku no Kokoro no Yabai Yatsu Movie;182317;{'movie': [1363979]};1
Boku to Roboko Movie;166249;{'movie': [1148706]};1
Bokura no Nanokakan Sensou;101610;{'movie': [608085]};1
Bokura no Yoake;146489;{'movie': [950863]};1
Bonobono;8416;{'tv': 66569};1
Bonobono;8403;{'tv': 66569};2
Bouken Dankichi: Hyouryuu no Maki;6849;{'movie': [380376]};1
Brave Story;1681;{'movie': [17566]};1
Buddha Saitan;6985;{'movie': [60132]};1
Bulg-eunmae;1776;{'movie': [82586]};1
Bulsajo Robot Phoenix King;16786;{'movie': [166196]};1
Bungou Stray Dogs: Dead Apple;98384;{'movie': [483455]};1
Byeolnala Samchongsa;6671;{'movie': [421234]};1
Byousoku 5 Centimeter;1689;{'movie': [38142]};1
Byulbyul Iyagi;7420;{'movie': [73783]};1
Byulbyul Iyagi 2;9447;{'movie': [73785]};1
Candy Candy: Haru no Yobigoe;2801;{'tv': 9160};1
Candy Candy: Haru no Yobigoe;2802;{'tv': 9160};2
Candy Candy: Haru no Yobigoe;723;{'tv': 9160};3
Captain Bal;107857;{'movie': [570579]};1
Captain Herlock;17269;{'movie': [192577]};1
Captain Tsubasa: Europe Daikessen;2118;{'tv': 25707};1
Captain Tsubasa: Europe Daikessen;2119;{'tv': 25707};2
Captain Tsubasa: Europe Daikessen;2120;{'tv': 25707};3
Captain Tsubasa: Europe Daikessen;2121;{'tv': 25707};4
Cardcaptor Sakura Movie 1;371;{'tv': 35790};1
Cardcaptor Sakura Movie 1;372;{'tv': 35790};2
Cardfight!! Vanguard Movie: Neon Messiah;20810;{'movie': [287098]};1
Cello Hiki no Gauche (1982);1049;{'movie': [41017]};1
Cencoroll Connect;9488;{'movie': [539140]};1
Chagama Ondo;17076;{'movie': [380975]};1
Chainsaw Man Movie: Reze-hen;171627;{'movie': [1218925]};1
Chameko no Ichinichi;6431;{'movie': [342078]};1
Changjiang 7 Hao Ai Diqiu;9558;{'movie': [46711]};1
Charanpo Land no Bouken;21844;{'movie': [440672]};1
Cheburashka;9340;{'tv': 38513};1
Cheonnyeon-yeowoo Yeowoobi;2756;{'movie': [58700]};1
Chibi Maruko-chan Movie;3203;{'tv': 57775};1
Chibi Maruko-chan Movie;9348;{'tv': 57775};2
Chibikko Remi to Meiken Kapi;2830;{'movie': [355345]};1
Chiisana Eiyuu: Kani to Tamago to Toumei Ningen;103887;{'movie': [514710]};1
Chikara to Onna no Yo no Naka;7354;{'movie': [801196]};1
Chikyuu ga Ugoita Hi;2915;{'movie': [155607]};1
Chinkoroheibei Tamatebako;12803;{'movie': [381171]};1
Chirin no Suzu;2199;{'movie': [77859]};1
Chocchan Monogatari;4201;{'movie': [608382]};1
Chou Deneiban SD Gundam Sangokuden Brave Battle Warriors;8132;{'tv': 45403};1
Chou Seimeitai Transformers Beast Wars Metals: Convoy Daihenshin!;9274;{'tv': 11828};1
Chou no Sainan;5869;{'movie': [319127]};1
Choujin Locke;3522;{'movie': [123951]};1
Chuck Shimezou;107858;{'movie': [570576]};1
Chuumon no Ooi Ryouriten (1991);4095;{'movie': [136601]};1
Chuunibyou demo Koi ga Shitai! Movie: Take On Me;98762;{'movie': [460399]};1
"ChäoS;Child: Silent Sky";98576;{'movie': [479248]};1
Cider no You ni Kotoba ga Wakiagaru;107625;{'movie': [579741]};1
Cinnamon the Movie;5848;{'movie': [726192]};1
City Hunter Movie: Shinjuku Private Eyes;101345;{'movie': [540141]};1
City Hunter Movie: Tenshi no Namida;147189;{'movie': [1056133]};1
City Hunter: Ai to Shukumei no Magnum;1474;{'tv': 36046};1
City Hunter: Ai to Shukumei no Magnum;1475;{'tv': 36046};2
City Hunter: Ai to Shukumei no Magnum;1476;{'tv': 36046};3
Clannad Movie;1723;{'tv': 24835};1
Code Geass: Fukkatsu no Lelouch;97880;{'movie': [553837]};1
Colorful (Movie);8142;{'movie': [64246]};1
Complex x Complex;113136;{'movie': [519811]};1
Computer Haekjeonham Pokpa Daejakjeon;16794;{'movie': [81927]};1
Coo: Tooi Umi kara Kita Coo;2055;{'movie': [174712]};1
Coquelicot-zaka kara;10029;{'movie': [83389]};1
Cowboy Bebop: Tengoku no Tobira;5;{'tv': 30991};1
Crayon Shin-chan Movie 01: Action Kamen vs. Haigure Maou;8358;{'tv': 30623};1
Crayon Shin-chan Movie 01: Action Kamen vs. Haigure Maou;3745;{'tv': 30623};2
Crayon Shin-chan Movie 01: Action Kamen vs. Haigure Maou;6217;{'tv': 30623};3
Crayon Shin-chan Movie 01: Action Kamen vs. Haigure Maou;8359;{'tv': 30623};4
Crayon Shin-chan Movie 01: Action Kamen vs. Haigure Maou;6460;{'tv': 30623};5
Crayon Shin-chan Movie 01: Action Kamen vs. Haigure Maou;8360;{'tv': 30623};6
Crayon Shin-chan Movie 01: Action Kamen vs. Haigure Maou;8361;{'tv': 30623};7
Crayon Shin-chan Movie 01: Action Kamen vs. Haigure Maou;8362;{'tv': 30623};8
Crayon Shin-chan Movie 01: Action Kamen vs. Haigure Maou;2450;{'tv': 30623};9
Crayon Shin-chan Movie 01: Action Kamen vs. Haigure Maou;3744;{'tv': 30623};10
Crayon Shin-chan Movie 01: Action Kamen vs. Haigure Maou;8363;{'tv': 30623};11
Crayon Shin-chan Movie 01: Action Kamen vs. Haigure Maou;8364;{'tv': 30623};12
Crayon Shin-chan Movie 01: Action Kamen vs. Haigure Maou;8365;{'tv': 30623};13
Crayon Shin-chan Movie 01: Action Kamen vs. Haigure Maou;8366;{'tv': 30623};14
Crayon Shin-chan Movie 01: Action Kamen vs. Haigure Maou;2172;{'tv': 30623};15
Crayon Shin-chan Movie 01: Action Kamen vs. Haigure Maou;8367;{'tv': 30623};16
Crayon Shin-chan Movie 01: Action Kamen vs. Haigure Maou;8368;{'tv': 30623};17
Crayon Shin-chan Movie 01: Action Kamen vs. Haigure Maou;8369;{'tv': 30623};18
Crayon Shin-chan Movie 01: Action Kamen vs. Haigure Maou;10116;{'tv': 30623};19
Crayon Shin-chan Movie 01: Action Kamen vs. Haigure Maou;12499;{'tv': 30623};20
Crayon Shin-chan Movie 01: Action Kamen vs. Haigure Maou;98744;{'tv': 30623};21
Crayon Shin-chan Movie 01: Action Kamen vs. Haigure Maou;100289;{'tv': 30623};22
Crayon Shin-chan Movie 26: Bakumori! Kung Fu Boys - Ramen Tairan;103690;{'movie': [507562]};1
Crayon Shin-chan Movie 30: Mononoke Ninja Chinpuuden;142549;{'movie': [955666]};1
Crayon Shin-chan Movie 31: Chounouryoku Daikessen - Tobe Tobe Temakizushi;158595;{'movie': [1059572]};1
Crayon Shin-chan Movie 32: Ora-tachi no Kyouryuu Nikki;171145;{'movie': [1221404]};1
Crusher Joe;2722;{'tv': 111271};1
Cure Miracle to Mofurun no Mahou Lesson;98785;{'tv': 102774};1
Cutie Honey F Movie;6496;{'tv': 36001};1
Cyborg 009;6872;{'tv': 56427};1
Cyborg 009;7290;{'tv': 56427};2
Cyborg 009: Chou Ginga Densetsu;7336;{'tv': 131647};1
Da Nao Tiangong;6855;{'movie': [47759]};1
Da Yu Hai Tang (Movie);10259;{'movie': [271706]};1
Dahufa;103353;{'movie': [466980]};1
Dai-chan, Daisuki.;19905;{'movie': [959430]};1
Dankichi-jima no Olympic Taikai;5814;{'movie': [319137]};1
Dareka no Manazashi;17121;{'movie': [222715]};1
Darkside Blues;1494;{'movie': [51576]};1
Date A Live Movie: Mayuri Judgment;20741;{'tv': 46004};1
Dead Dead Demons Dededede Destruction;146609;{'movie': [1172228, 1172229]};1
Dead Leaves;974;{'movie': [15981]};1
Death Billiards;14353;{'tv': 61901};1
Deemo Movie: Sakura no Oto - Anata no Kanadeta Oto ga, Ima mo Hibiku;113345;{'movie': [648457]};1
Dekobou no Jidousha Ryokou;6838;{'movie': [380380]};1
Delicious Party♡Precure Movie: Yume Miru Oko-sama Lunch!;144687;{'movie': [935017]};1
Densetsu Kyojin Ideon: Sesshoku-hen;2760;{'tv': 13465};1
Densetsu Kyojin Ideon: Sesshoku-hen;2761;{'tv': 13465};2
Di Gi Charat: Hoshi no Tabi;1752;{'movie': [178335]};1
Digimon Adventure 02: The Beginning;137310;{'movie': [872976]};1
Digimon Adventure Movie;2961;{'tv': 31654};1
Digimon Adventure Movie;2397;{'tv': 31654};2
Digimon Adventure Movie;2962;{'tv': 31654};3
Digimon Adventure Movie;8490;{'tv': 31654};4
Digimon Adventure Movie;2398;{'tv': 31654};5
Digimon Adventure Movie;2123;{'tv': 31654};6
Digimon Adventure: Last Evolution Kizuna;108260;{'movie': [571265]};1
Digimon Frontier: Ornismon Fukkatsu!!;3031;{'tv': 8991};1
Digimon Savers 3D: Digital World Kiki Ippatsu!;8491;{'tv': 39980};1
Digimon Savers the Movie: Kyuukyoku Power! Burst Mode Hatsudou!!;2606;{'movie': [36197]};1
Digimon Tamers: Boukensha-tachi no Tatakai;3032;{'tv': 9302};1
Digimon Tamers: Boukensha-tachi no Tatakai;3033;{'tv': 9302};2
Dirty Pair: The Movie;1796;{'tv': 9161};1
Docchi ni Suru?;6797;{'movie': [226263]};1
Document Taiyou no Kiba Dougram;9972;{'tv': 8909};1
Document Taiyou no Kiba Dougram;2258;{'tv': 8909};2
Dokidoki! Precure Movie: Mana Kekkon!!? Mirai ni Tsunagu Kibou no Dress;17357;{'movie': [270482]};1
Donguri no Ie;5916;{'movie': [528139]};1
Doraemon Movie 01: Nobita no Kyouryuu;3727;{'tv': 57911};1
Doraemon Movie 01: Nobita no Kyouryuu;2662;{'tv': 57911};2
Doraemon Movie 01: Nobita no Kyouryuu;2650;{'tv': 57911};3
Doraemon Movie 01: Nobita no Kyouryuu;2671;{'tv': 57911};4
Doraemon Movie 01: Nobita no Kyouryuu;2667;{'tv': 57911};5
Doraemon Movie 01: Nobita no Kyouryuu;2672;{'tv': 57911};6
Doraemon Movie 01: Nobita no Kyouryuu;2669;{'tv': 57911};7
Doraemon Movie 01: Nobita no Kyouryuu;2665;{'tv': 57911};8
Doraemon Movie 01: Nobita no Kyouryuu;2657;{'tv': 57911};9
Doraemon Movie 01: Nobita no Kyouryuu;2658;{'tv': 57911};10
Doraemon Movie 01: Nobita no Kyouryuu;2666;{'tv': 57911};11
Doraemon Movie 01: Nobita no Kyouryuu;2677;{'tv': 57911};12
Doraemon Movie 01: Nobita no Kyouryuu;2670;{'tv': 57911};13
Doraemon Movie 01: Nobita no Kyouryuu;2661;{'tv': 57911};14
Doraemon Movie 01: Nobita no Kyouryuu;2659;{'tv': 57911};15
Doraemon Movie 01: Nobita no Kyouryuu;2676;{'tv': 57911};16
Doraemon Movie 01: Nobita no Kyouryuu;2648;{'tv': 57911};17
Doraemon Movie 01: Nobita no Kyouryuu;2674;{'tv': 57911};18
Doraemon Movie 01: Nobita no Kyouryuu;2675;{'tv': 57911};19
Doraemon Movie 01: Nobita no Kyouryuu;2646;{'tv': 57911};20
Doraemon Movie 01: Nobita no Kyouryuu;2678;{'tv': 57911};21
Doraemon Movie 01: Nobita no Kyouryuu;2664;{'tv': 57911};22
Doraemon Movie 01: Nobita no Kyouryuu;2660;{'tv': 57911};23
Doraemon Movie 01: Nobita no Kyouryuu;2668;{'tv': 57911};24
Doraemon Movie 01: Nobita no Kyouryuu;2649;{'tv': 57911};25
Doraemon Movie 01: Nobita no Kyouryuu;7045;{'tv': 57911};26
Doraemon Movie 01: Nobita no Kyouryuu;2654;{'tv': 57911};27
Doraemon Movie 01: Nobita no Kyouryuu;2645;{'tv': 57911};28
Doraemon Movie 01: Nobita no Kyouryuu;2655;{'tv': 57911};29
Doraemon Movie 01: Nobita no Kyouryuu;2393;{'tv': 57911};30
Doraemon Movie 01: Nobita no Kyouryuu;2656;{'tv': 57911};31
Doraemon Movie 01: Nobita no Kyouryuu;2392;{'tv': 57911};32
Doraemon Movie 01: Nobita no Kyouryuu;2673;{'tv': 57911};33
Doraemon Movie 01: Nobita no Kyouryuu;5096;{'tv': 57911};34
Doraemon Movie 01: Nobita no Kyouryuu;6930;{'tv': 57911};35
Doraemon Movie 01: Nobita no Kyouryuu;6988;{'tv': 57911};36
Doraemon Movie 01: Nobita no Kyouryuu;10534;{'tv': 57911};37
Doraemon Movie 01: Nobita no Kyouryuu;11053;{'tv': 57911};38
Doraemon Movie 01: Nobita no Kyouryuu;15925;{'tv': 57911};39
Doraemon Movie 01: Nobita no Kyouryuu;19645;{'tv': 57911};40
Doraemon Movie 01: Nobita no Kyouryuu;20515;{'tv': 57911};41
Doraemon Movie 38: Nobita no Takarajima;99084;{'movie': [495925]};1
Doraemon Movie 41: Nobita no Little Star Wars;126783;{'movie': [782054]};1
Doraemon Movie 42: Nobita to Sora no Utopia;151896;{'movie': [1030587]};1
Doraemon Movie 43: Nobita no Chikyuu Symphony;166976;{'movie': [1148677]};1
Doraemon Movie 44: Nobita no E Sekai Monogatari;182333;{'movie': [1372489]};1
Doraemon: Kaette Kita Doraemon (Movie);2651;{'movie': [326148]};1
Doraemon: The Day When I Was Born;2652;{'movie': [326238]};1
Doubutsu Mura no Sports Day;5872;{'movie': [319183]};1
Doubutsu Olympic Taikai;7498;{'movie': [447810]};1
Doubutsu Takarajima;3842;{'movie': [34834]};1
Doubutsu no Mori;2950;{'movie': [20523]};1
Doujouji;6680;{'movie': [153119]};1
Dr. Slump Movie 01: Arale-chan Hello! Fushigi Shima;7666;{'tv': 37567};1
Dr. Slump Movie 01: Arale-chan Hello! Fushigi Shima;8546;{'tv': 37567};2
Dr. Slump Movie 01: Arale-chan Hello! Fushigi Shima;7667;{'tv': 37567};3
Dr. Slump Movie 01: Arale-chan Hello! Fushigi Shima;6028;{'tv': 37567};4
Dr. Slump Movie 01: Arale-chan Hello! Fushigi Shima;8547;{'tv': 37567};5
Dr. Slump Movie 01: Arale-chan Hello! Fushigi Shima;7816;{'tv': 37567};6
Dr. Slump Movie 01: Arale-chan Hello! Fushigi Shima;7157;{'tv': 37567};7
Dr. Slump Movie 01: Arale-chan Hello! Fushigi Shima;8548;{'tv': 37567};8
Dr. Slump Movie 01: Arale-chan Hello! Fushigi Shima;7158;{'tv': 37567};9
Dr. Slump Movie 01: Arale-chan Hello! Fushigi Shima;8550;{'tv': 37567};10
Dr. Slump Movie 01: Arale-chan Hello! Fushigi Shima;8551;{'tv': 37567};11
Dragon Age: Blood Mage no Seisen;11705;{'movie': [103173]};1
Dragon Ball Movie 1: Shen Long no Densetsu;502;{'tv': 12609};1
Dragon Ball Movie 1: Shen Long no Densetsu;891;{'tv': 12609};2
Dragon Ball Movie 1: Shen Long no Densetsu;892;{'tv': 12609};3
Dragon Ball Movie 1: Shen Long no Densetsu;893;{'tv': 12609};4
Dragon Ball Super: Broly;101302;{'tv': 62715};1
Dragon Ball Super: Super Hero;133898;{'movie': [610150]};1
Dragon Ball Z Movie 01: Ora no Gohan wo Kaese!!;894;{'tv': 12971};1
Dragon Ball Z Movie 01: Ora no Gohan wo Kaese!!;895;{'tv': 12971};2
Dragon Ball Z Movie 01: Ora no Gohan wo Kaese!!;896;{'tv': 12971};3
Dragon Ball Z Movie 01: Ora no Gohan wo Kaese!!;897;{'tv': 12971};4
Dragon Ball Z Movie 01: Ora no Gohan wo Kaese!!;898;{'tv': 12971};5
Dragon Ball Z Movie 01: Ora no Gohan wo Kaese!!;899;{'tv': 12971};6
Dragon Ball Z Movie 01: Ora no Gohan wo Kaese!!;900;{'tv': 12971};7
Dragon Ball Z Movie 01: Ora no Gohan wo Kaese!!;901;{'tv': 12971};8
Dragon Ball Z Movie 01: Ora no Gohan wo Kaese!!;902;{'tv': 12971};9
Dragon Ball Z Movie 01: Ora no Gohan wo Kaese!!;903;{'tv': 12971};10
Dragon Ball Z Movie 01: Ora no Gohan wo Kaese!!;904;{'tv': 12971};11
Dragon Ball Z Movie 01: Ora no Gohan wo Kaese!!;905;{'tv': 12971};12
Dragon Ball Z Movie 01: Ora no Gohan wo Kaese!!;906;{'tv': 12971};13
Dragon Ball Z Movie 01: Ora no Gohan wo Kaese!!;14837;{'tv': 12971};14
Dragon Ball Z Movie 01: Ora no Gohan wo Kaese!!;20778;{'tv': 12971};15
Dragon Quest: Dai no Daibouken;7435;{'tv': 38324};1
Dragon Quest: Dai no Daibouken;7436;{'tv': 38324};2
Dragon Quest: Dai no Daibouken;7364;{'tv': 38324};3
Dragon Quest: Dai no Daibouken;7491;{'tv': 38324};4
Dragon Quest: Your Story;107905;{'movie': [592867]};1
Duel Masters Movie 1: Yami no Shiro no Maryuuou;3669;{'movie': [58186]};1
Dungeon ni Deai wo Motomeru no wa Machigatteiru Darou ka Movie: Orion no Ya;101166;{'movie': [553835]};1
Dwaeji-ui Wang;12035;{'movie': [91088]};1
Eien no Hou;6939;{'movie': [324821]};1
Eiga Daisuki Pompo-san;99900;{'movie': [678458]};1
Eiga de Toujou! Tamagotchi Dokidoki! Uchuu no Maigotchi!?;6518;{'movie': [35883]};1
Eiga! Tamagotchi Uchuu Ichi Happy na Monogatari!?;6517;{'movie': [565368]};1
Eikyuu Kazoku;1106;{'movie': [73713]};1
Elysium;2941;{'movie': [52541]};1
Entotsu Machi no Poupelle;98776;{'movie': [655437]};1
Escaflowne;393;{'movie': [16990]};1
Esper Mami: Hoshizora no Dancing Doll;9880;{'tv': 44997};1
Eve no Jikan (Movie);7465;{'tv': 60937};1
FLCL Progressive;21746;{'tv': 5895};1
FLCL Progressive;21748;{'tv': 5895};2
Fairy Tail Movie 1: Houou no Miko;12049;{'movie': [135531]};1
Fairy Tail Movie 2: Dragon Cry;21191;{'movie': [433422]};1
Fate/Grand Order: Shuukyoku Tokuiten - Kani Jikan Shinden Solomon;116756;{'movie': [829920]};1
Fate/Zero Cafe;19165;{'tv': 45845};1
Fate/kaleid liner Prisma☆Illya Movie: Sekka no Chikai;97757;{'tv': 63576};1
Fate/kaleid liner Prisma☆Illya Movie: Sekka no Chikai;100269;{'tv': 63576};2
Fate/kaleid liner Prisma☆Illya Movie: Sekka no Chikai;118743;{'tv': 63576};3
Fate/stay night Movie: Unlimited Blade Works;6922;{'tv': 37858};1
Feng Yun Jue;5496;{'movie': [22809]};1
Final Fantasy VII: Advent Children;317;{'movie': [647]};1
Final Fantasy: The Spirits Within;1361;{'movie': [2114]};1
First Squad: The Moment of Truth;5178;{'movie': [23527]};1
Five Star Stories;2042;{'movie': [34375]};1
Flanders no Inu (Movie);2623;{'movie': [48661]};1
Fragtime;108487;{'movie': [630027]};1
Frame Arms Girl Movie: Kyakkya Ufufu na Wonderland;105907;{'movie': [575220]};1
Free! Movie 3: Road to the World - Yume;107202;{'movie': [576618]};1
Fresh Precure! Movie: Omocha no Kuni wa Himitsu ga Ippai!?;6527;{'tv': 46128};1
Friends: Mononoke Shima no Naki;10115;{'movie': [180272]};1
Fruits Basket: Prelude;136192;{'movie': [896499]};1
Fuku-chan no Kishuu;140635;{'movie': [955941]};1
Fukusuke;103936;{'movie': [679968]};1
Fullmetal Alchemist: The Conqueror of Shamballa;430;{'tv': 37863};1
Fullmetal Alchemist: The Sacred Star of Milos;9135;{'movie': [80518]};1
Fureru.;171109;{'movie': [1214138]};1
Furudera no Obake-soudou;5838;{'movie': [252797]};1
Furusato Japan;3367;{'movie': [55555]};1
Fuse: Teppou Musume no Torimonochou;13335;{'movie': [204755]};1
Fushigi no Umi no Nadia: Original Movie;1252;{'tv': 24710};1
Futari wa Precure: Max Heart Movie 1;1930;{'tv': 37508};1
Futari wa Precure: Max Heart Movie 1;1931;{'tv': 37508};2
Futari wa Precure: Splash☆Star Maji★Doki♥ Theater;104436;{'movie': [793730]};1
Futari wa Precure: Splash☆Star Movie - Tick Tack Kiki Ippatsu!;4124;{'movie': [150434]};1
Future War 198X-nen;8584;{'movie': [71494]};1
Fuuto Tantei Movie: Kamen Rider Skull no Shouzou;178774;{'movie': [1310672]};1
Fuyu no Hi;3215;{'movie': [69484]};1
GS Mikami: Gokuraku Daisakusen!!;3037;{'tv': 46390};1
Gake no Ue no Ponyo;2890;{'movie': [12429]};1
Galaxy Apartment☆Cosmo Hills;185898;{'movie': [1479388]};1
Gall Force 1: Eternal Story;2060;{'movie': [141521]};1
Gamba to Kawauso no Bouken;20175;{'tv': 67412};1
Gamba: Gamba to Nakama-tachi;104162;{'movie': [400328]};1
Ganbatte Ikimasshoi;176245;{'movie': [1262549]};1
Gang-aji Ttong;4147;{'movie': [33252]};1
Gantz:O;21496;{'movie': [396263]};1
Garden of Remembrance;151017;{'movie': [970522]};1
Garo Movie: Divine Flame;21426;{'tv': 63453};1
Garou Densetsu: The Motion Picture;504;{'movie': [28697]};1
GeGeGe no Kitarou (1968);8149;{'movie': [314225]};1
Ged Senki;1829;{'movie': [37933]};1
Gegege no Kitarou (1985 Movie);8152;{'movie': [603431]};1
Gegege no Kitarou: Chisougan;8150;{'movie': [501753]};1
Gegege no Kitarou: Daikaijuu;8146;{'tv': 37144};1
Gegege no Kitarou: Daikaijuu;8157;{'tv': 37144};2
Gegege no Kitarou: Daikaijuu;8145;{'tv': 37144};3
Gegege no Kitarou: Obake Nighter;8156;{'movie': [573475]};1
Gegege no Kitarou: Youkai Daisensou;8153;{'movie': [622488]};1
Gekitou! Crush Gear Turbo: Kaizabaan no Chousen;19271;{'tv': 45004};1
Genius Party;3508;{'tv': 118406};1
Genius Party;6795;{'tv': 118406};2
Genji Monogatari;3488;{'tv': 34116};1
Genjitsu no Yohane: Sunshine in the Mirror Movie;178782;{'movie': [1313216]};1
Genma Taisen;1626;{'tv': 132169};1
Genroku Koi Moyou: Sankichi to Osayo;102405;{'movie': [1692263]};1
Gensoumaden Saiyuuki Movie: Requiem - Erabarezaru Mono e no Chinkonka;484;{'tv': 34660};1
Ginga Eiyuu Densetsu Gaiden: Ougon no Tsubasa;3015;{'movie': [154501]};1
Ginga Eiyuu Densetsu: Waga Yuku wa Hoshi no Taikai;3014;{'tv': 27660};1
Ginga Eiyuu Densetsu: Waga Yuku wa Hoshi no Taikai;3016;{'tv': 27660};2
Ginga Tetsudou 999 (Movie);1301;{'tv': 31709};1
Ginga Tetsudou 999 (Movie);6653;{'tv': 31709};2
Ginga Tetsudou 999 (Movie);1302;{'tv': 31709};3
Ginga Tetsudou 999 (Movie);3602;{'tv': 31709};4
Ginga Tetsudou 999 (Movie);7285;{'tv': 31709};5
Ginga Tetsudou no Yoru;1441;{'movie': [37585]};1
Giniro no Kami no Agito;1140;{'movie': [14945]};1
Gintama Movie 1: Shinyaku Benizakura-hen;7472;{'tv': 57041};1
Gintama Movie 1: Shinyaku Benizakura-hen;20760;{'tv': 57041};2
Gintama Movie 1: Shinyaku Benizakura-hen;15335;{'tv': 57041};3
Gintama on Theater 2D: Baragaki-hen;169000;{'movie': [1266097]};1
Gintama: The Final;114129;{'movie': [732203]};1
Giovanni no Shima;19115;{'movie': [239367]};1
Girls & Panzer Movie;18617;{'tv': 43967};1
Girls & Panzer: Motto Love Love Sakusen desu!;188034;{'movie': [1591447]};1
Glass no Chikyuu wo Sukue Unico Special;105255;{'movie': [696105]};1
Glass no Hana to Kowasu Sekai;21042;{'movie': [372756]};1
Glass no Usagi;3646;{'movie': [201521]};1
Go! Princess Precure Movie: Go! Go!! Gouka 3-bondate!!!;21323;{'movie': [393528]};1
Goblin Slayer: Goblin's Crown;108623;{'tv': 82591};1
Gochuumon wa Usagi desu ka?? Dear My Sister;21813;{'tv': 60843};1
Gokiburi-tachi no Tasogare;4210;{'movie': [76740]};1
Gokinjo Monogatari the Movie;7578;{'tv': 23573};1
Golgo 13;1760;{'tv': 42395};1
Goodbye, Don Glees!;136302;{'movie': [846993]};1
Gothicmade: Hana no Utame;7781;{'movie': [230644]};1
Gotou ni Naritai.;20539;{'movie': [306571]};1
Great Mazinger tai Getter Robo;4385;{'movie': [74621]};1
Great Mazinger tai Getter Robo G: Kuuchuu Daigekitotsu;4386;{'tv': 45485};1
Great Mazinger tai Getter Robo G: Kuuchuu Daigekitotsu;3481;{'tv': 45485};2
Grey: Digital Target;2423;{'movie': [179985]};1
Grick no Bouken;7252;{'movie': [279987]};1
Gridman Universe;142684;{'movie': [915403]};1
Grimm Douwa: Kin no Tori;3760;{'movie': [466000]};1
Grisaia: Phantom Trigger The Animation;99470;{'tv': 280906};1
Gulliver Funtouki;6847;{'movie': [380389]};1
Gulliver no Uchuu Ryokou;2833;{'movie': [39951]};1
Gundam Neo Experience 0087: Green Divers;8839;{'tv': 13674};1
Gundam Neo Experience 0087: Green Divers;1967;{'tv': 13674};2
Gundam Neo Experience 0087: Green Divers;1968;{'tv': 13674};3
Gundam Neo Experience 0087: Green Divers;1969;{'tv': 13674};4
Gundress;1160;{'movie': [42073]};1
Guskou Budori no Denki (2012);13215;{'movie': [118408]};1
Gyakusatsu Kikan;20919;{'movie': [357407]};1
Gyo;10417;{'movie': [94684]};1
Hadashi no Gen;1824;{'movie': [14087]};1
Hadashi no Gen 2;1825;{'movie': [14088]};1
Haikyuu!! Movie: Gomisuteba no Kessen;153658;{'tv': 60863};1
Hajimari no Boukensha-tachi: Legend of Crystania;515;{'tv': 101220};1
Hakubo;98784;{'movie': [589082]};1
Hakujaden;4513;{'movie': [64777]};1
Hal;16528;{'movie': [196761]};1
Hal no Fue;11673;{'movie': [933915]};1
Hamelin no Violin Hiki: The Movie;2207;{'tv': 77159};1
Hana no Ko Lunlun: Konnichiwa Sakura no Kuni;9264;{'movie': [60704]};1
Hana to Alice: Satsujin Jiken;20908;{'movie': [311054]};1
Hana to Chou;7530;{'movie': [481037]};1
Hana yori Dango (Movie);2071;{'tv': 27757};1
Hanaori;7255;{'movie': [316768]};1
Hanare Toride no Yonna;1031;{'movie': [59295]};1
Hanarokushou ga Akeru Hi ni;177132;{'movie': [1279865]};1
Hanasaka Jijii;18457;{'movie': [381331]};1
Hanasaku Iroha Movie: Home Sweet Home;14175;{'tv': 42417};1
Happiness Charge Precure! Movie: Ningyou no Kuni no Ballerina;21121;{'movie': [267962]};1
Happy Birthday: Inochi Kagayaku Toki;9931;{'movie': [379152]};1
Harbor Tale;119355;{'movie': [538346]};1
Hare Tokidoki Buta;107618;{'tv': 9644};1
Harmonie;20501;{'movie': [256765]};1
Harmony;20932;{'movie': [357411]};1
Haru no Uta;5868;{'movie': [214495]};1
Harukanaru Toki no Naka de: Maihitoyo;1906;{'tv': 27244};1
Hashire! Shiroi Ookami;5936;{'movie': [132376]};1
Hayate no Gotoku! Heaven Is a Place on Earth;9958;{'movie': [81505]};1
Healin' Good♡Precure Movie: Yume no Machi de Kyun! Tto GoGo! Daihenshin!!;121026;{'movie': [790092]};1
Heart no Kuni no Alice: Wonderful Wonder World;4713;{'movie': [118306]};1
Heavy;10964;{'movie': [588106]};1
Heisei Tanuki Gassen Ponpoko;1030;{'movie': [15283]};1
Hello WeGo!;107859;{'movie': [571570]};1
Hello World;106240;{'movie': [604605]};1
Hells;4983;{'movie': [129465]};1
Hermes: Ai wa Kaze no Gotoku;6937;{'movie': [179992]};1
Hetalia Axis Powers Movie: Paint it, White;7337;{'tv': 35138};1
Hi no Ame ga Furu;5929;{'movie': [598099]};1
Hi no Tori 2772: Ai no CosmoZone;2793;{'movie': [57635]};1
Hi no Tori: Houou-hen;2997;{'tv': 23674};1
Hi no Tori: Houou-hen;158699;{'tv': 23674};2
Hiatari Ryoukou! Yume no Naka ni Kimi ga Ita;1552;{'tv': 99162};1
Hibari no Yadogae;5870;{'movie': [319140]};1
Hibike! Euphonium Movie 1: Kitauji Koukou Suisougaku-bu e Youkoso;21638;{'movie': [374056]};1
Hibike! Euphonium Movie 2: Todoketai Melody;98876;{'tv': 62564};1
Hibike! Euphonium Movie 2: Todoketai Melody;100178;{'tv': 62564};2
Hibike! Euphonium Movie 2: Todoketai Melody;101992;{'tv': 62564};3
Hibike! Euphonium: Ensemble Contest-hen;150429;{'movie': [1108306]};1
Higashi no Eden: Air Communication;6927;{'tv': 21750};1
Higashi no Eden: Air Communication;6372;{'tv': 21750};2
Higashi no Eden: Air Communication;6637;{'tv': 21750};3
High School Fleet Movie;101499;{'tv': 66105};1
High School! Kimengumi (Movie);5956;{'tv': 63265};1
Highlander: The Search for Vengeance;2178;{'movie': [13194]};1
High☆Speed! Movie: Free! Starting Days;21158;{'tv': 61456};1
High☆Speed! Movie: Free! Starting Days;98497;{'tv': 61456};2
Hinata no Aoshigure;20471;{'movie': [273450]};1
Hinomaru Hatanosuke: Bakemonoyashiki no Maki;6831;{'movie': [319178]};1
Hinomaru Hatanosuke: Inazuma-gumi Tobatsu no Maki;6830;{'movie': [319177]};1
Hinomaru Tarou: Musha Shugyou no Maki;6839;{'movie': [358530]};1
Hirune Hime: Shiranai Watashi no Monogatari;21788;{'movie': [428288]};1
Hokkyoku Hyakkaten no Concierge-san;164226;{'movie': [1117609]};1
Hokkyoku no Muushika Miishika;7729;{'movie': [362574]};1
Hokuto no Ken Movie;1358;{'tv': 56387};1
Hokuto no Ken Movie;1773;{'tv': 56387};2
Hokuto no Ken Movie;2174;{'tv': 56387};3
Hokuto no Ken Movie;5291;{'tv': 56387};4
Hong Haier: Juezhan Huoyanshan;102643;{'movie': [452907]};1
Hoshi no Kodomo to Hajimari no Ki;185900;{'movie': [1479395]};1
Hoshi no Orpheus;2876;{'movie': [84493]};1
Hoshi wo Katta Hi;6463;{'movie': [222661]};1
Hoshi wo Ou Kodomo;9760;{'movie': [79707]};1
Hoshizora no Violin;9957;{'movie': [491352]};1
Hotaru no Haka;578;{'movie': [12477]};1
Hotarubi no Mori e;10408;{'movie': [92321]};1
Hottarake no Shima: Haruka to Mahou no Kagami;5998;{'movie': [39544]};1
Houkago Midnighters;13935;{'movie': [118931]};1
Howl no Ugoku Shiro;431;{'movie': [4935]};1
Hula Fulla Dance;125841;{'movie': [760765]};1
Human Lost: Ningen Shikkaku;108626;{'movie': [593240]};1
Hunter x Hunter Movie 1: Phantom Rouge;13271;{'tv': 46298};1
Hunter x Hunter Movie 1: Phantom Rouge;19951;{'tv': 46298};2
Hwanggeum Nalgae 1.2.3.;16560;{'movie': [529083]};1
Hyakuemu.;177687;{'movie': [1295026]};1
Hyokkori Hyoutan Shima;148933;{'movie': [1263753]};1
Hyoutan Suzume;16007;{'movie': [518557]};1
Hyper-Psychic Geo Garaga;1833;{'movie': [411063]};1
IDOLiSH7: Live 4bit - Beyond the Period DAY 1;161440;{'movie': [1108298]};1
Ibara no Ou;6610;{'movie': [50388]};1
Ibarahime Mata wa Nemurihime;7169;{'movie': [171245]};1
Ie Naki Ko (Movie);2831;{'tv': 44725};1
Inaka Isha;3326;{'movie': [73714]};1
Inazuma Eleven: Aratanaru Eiyuu-tachi no Joshou;180806;{'movie': [1346726]};1
Inazuma Eleven: Saikyou Gundan Ogre Shuurai;9032;{'tv': 42912};1
Inazuma Eleven: Saikyou Gundan Ogre Shuurai;10999;{'tv': 42912};2
Inazuma Eleven: Saikyou Gundan Ogre Shuurai;15785;{'tv': 42912};3
Inazuma Eleven: Soushuuhen Densetsu no Kickoff;180804;{'movie': [1346722]};1
Initial D Third Stage;187;{'tv': 40424};1
Initial D Third Stage;20842;{'tv': 40424};2
Inochi no Chikyuu: Dioxin no Natsu;9495;{'movie': [608396]};1
Interstella5555: The 5tory of The 5ecret 5tar 5ystem;731;{'movie': [11049]};1
Inu-Ou;109928;{'movie': [642538]};1
InuYasha Movie 1: Toki wo Koeru Omoi;452;{'tv': 35610};1
InuYasha Movie 1: Toki wo Koeru Omoi;450;{'tv': 35610};2
InuYasha Movie 1: Toki wo Koeru Omoi;451;{'tv': 35610};3
InuYasha Movie 1: Toki wo Koeru Omoi;449;{'tv': 35610};4
Inukami! The Movie: Tokumei Reiteki Sousakan Karina Shirou!;2132;{'tv': 34808};1
Isekai Quartet Movie: Another World;117074;{'movie': [913612]};1
Isewan Taifuu Monogatari;126642;{'movie': [598102]};1
Issunboushi no Shusse;3930;{'movie': [233845]};1
Issunboushi: Chibisuke Monogatari;6836;{'movie': [319186]};1
Izakaya no Ichiya;6829;{'movie': [319191]};1
J League wo 100-bai Tanoshiku Miru Houhou!!;181828;{'movie': [1695359]};1
Jack to Mame no Ki;3720;{'movie': [34052]};1
Jarinko Chie;3946;{'movie': [70927]};1
Jeonja Ingan 337;16399;{'movie': [1010680]};1
Jigoku Sensei Nube (Movie);8208;{'tv': 23787};1
Jin-Rou;570;{'movie': [823]};1
JoJo no Kimyou na Bouken: Phantom Blood;3603;{'tv': 60862};1
Josee to Tora to Sakana-tachi;113596;{'movie': [652837]};1
Journey: Taiko Arabia Hantou de no Kiseki to Tatakai no Monogatari;110224;{'movie': [641951]};1
Jujutsu Kaisen 0 Movie;131573;{'movie': [810693]};1
Jujutsu Kaisen: Kaigyoku/Gyokusetsu;192809;{'movie': [1338799]};1
Jumping;2211;{'movie': [47217]};1
Jungle Taitei Movie;20381;{'tv': 8853};1
Jungle Taitei Movie;2264;{'tv': 8853};2
Junkers Come Here;1116;{'movie': [25079]};1
Juubee Ninpuuchou;617;{'tv': 27117};1
K-On! Movie;9617;{'tv': 42253};1
K: Missing Kings;16904;{'tv': 45799};1
Kaeru San Yuushi;109346;{'movie': [403200]};1
Kagaku Ninja-tai Gatchaman (Movie);3153;{'tv': 13549};1
Kagami no Kojou;145739;{'movie': [942881]};1
Kage;107929;{'movie': [388636]};1
Kagerou Daze: In a Day's;21793;{'movie': [412384]};1
Kaguya-hime no Monogatari;16664;{'movie': [149871]};1
Kaguya-sama wa Kokurasetai: First Kiss wa Owaranai;151384;{'movie': [997317]};1
Kaibutsu-kun: Kaibutsu Land e no Shoutai;128021;{'tv': 66251};1
Kaibutsu-kun: Kaibutsu Land e no Shoutai;132655;{'tv': 66251};2
Kaijuu 8-gou Movie;179998;{'movie': [1326106]};1
Kaijuu no Kodomo;103221;{'movie': [585077]};1
Kaiketsu Zorori: Mahoutsukai no Deshi/Dai Kaizoku no Takara Sagashi;6965;{'tv': 45535};1
Kaiketsu Zorori: Mahoutsukai no Deshi/Dai Kaizoku no Takara Sagashi;3659;{'tv': 45535};2
Kaiketsu Zorori: Mahoutsukai no Deshi/Dai Kaizoku no Takara Sagashi;15067;{'tv': 45535};3
Kaiketsu Zorori: Mahoutsukai no Deshi/Dai Kaizoku no Takara Sagashi;19587;{'tv': 45535};4
Kaitei Sanman Mile;9172;{'movie': [104682]};1
Kaitei no Boukun;6851;{'movie': [380412]};1
Kaitou Queen no Yuuga na Vacances;162682;{'movie': [1106916]};1
Kakkun Cafe;182144;{'movie': [1448790]};1
Kakurenbo;1192;{'movie': [27812]};1
Kakushigoto Movie;127227;{'movie': [814662]};1
Kamiarizuki no Kodomo;118390;{'movie': [628964]};1
Kamui no Ken;496;{'movie': [48215]};1
KanColle Movie;21295;{'tv': 65711};1
Kangaroo no Tanjoubi;6843;{'movie': [252861]};1
Kappa Kawatarou;114344;{'movie': [389335]};1
Kappa no Coo to Natsuyasumi;2848;{'movie': [17234]};1
Kappa no Sanpei;9584;{'movie': [522504]};1
Kara no Kyoukai Movie: Mirai Fukuin;14807;{'tv': 97825};1
Karakai Jouzu no Takagi-san Movie;138425;{'movie': [938567]};1
Karigurashi no Arrietty;7711;{'movie': [51739]};1
Kataku;7170;{'movie': [150458]};1
Katsura Hime;110182;{'movie': [798833]};1
Kaze Tachinu;16662;{'movie': [149870]};1
Kaze no Na wa Amnesia;1793;{'movie': [42070]};1
Kaze no Tairiku;1777;{'movie': [39690]};1
Kaze no Tani no Nausicaä;572;{'movie': [81]};1
Kaze no You ni;105974;{'movie': [401041]};1
Kaze wo Mita Shounen;757;{'movie': [77194]};1
Kemurigusa Monogatari;104404;{'movie': [449977]};1
Kenju Giga;7259;{'movie': [261269]};1
Keroro Gunsou Movie 1;2407;{'tv': 63164};1
Keroro Gunsou Movie 1;2408;{'tv': 63164};2
Keroro Gunsou Movie 1;5290;{'tv': 63164};3
Keroro Gunsou Movie 1;5710;{'tv': 63164};4
Keroro Gunsou Movie 1;8134;{'tv': 63164};5
Kick-Heart;16149;{'movie': [165718]};1
Kiddy Grade: Ignition;2176;{'tv': 9319};1
Kiddy Grade: Maelstrom;3222;{'movie': [55880]};1
Kiddy Grade: Truth Dawn;3223;{'movie': [55881]};1
Kidou Keisatsu Patlabor the Movie;1095;{'tv': 21738};1
Kidou Keisatsu Patlabor the Movie;1096;{'tv': 21738};2
Kidou Keisatsu Patlabor the Movie;1290;{'tv': 21738};3
Kidou Keisatsu Patlabor the Movie;2733;{'tv': 21738};4
Kidou Senkan Nadesico: The Prince of Darkness;219;{'tv': 35544};1
Kidou Senshi Gundam 00 Movie: A Wakening of the Trailblazer;6288;{'tv': 21732};1
Kidou Senshi Gundam 0083: Zeon no Zankou;2695;{'tv': 72677};1
Kidou Senshi Gundam I;1090;{'tv': 21731};1
Kidou Senshi Gundam I;1091;{'tv': 21731};2
Kidou Senshi Gundam I;1092;{'tv': 21731};3
Kidou Senshi Gundam I;87;{'tv': 21731};4
Kidou Senshi Gundam I;88;{'tv': 21731};5
Kidou Senshi Gundam NT;101554;{'tv': 67524};1
Kidou Senshi Gundam SEED Freedom;134761;{'movie': [1146972]};1
Kidou Senshi Gundam Thunderbolt: Bandit Flower;99547;{'movie': [468690]};1
Kidou Senshi Gundam Thunderbolt: December Sky;21893;{'tv': 64809};1
Kidou Senshi Gundam: Cucuruz Doan no Shima;139273;{'movie': [883768]};1
Kidou Senshi Gundam: Dai 08 MS Shoutai - Miller's Report;83;{'tv': 43887};1
Kidou Senshi Gundam: Twilight Axis - Akaki Zanei;104557;{'movie': [580799]};1
Kimagure Orange☆Road: Ano Hi ni Kaeritai;2454;{'tv': 9103};1
Kimagure Orange☆Road: Ano Hi ni Kaeritai;2098;{'tv': 9103};2
Kimetsu no Yaiba Movie: Mugen Ressha-hen;112151;{'movie': [635302]};1
Kimi no Iro;158166;{'movie': [1056444]};1
Kimi no Koe wo Todoketai;21683;{'movie': [461078]};1
Kimi no Na wa.;21519;{'movie': [372058]};1
Kimi no Suizou wo Tabetai;99750;{'movie': [504253]};1
Kimi to, Nami ni Noretara;105018;{'movie': [530079]};1
Kimi wa Kanata;116226;{'movie': [680041]};1
Kimi wo Aishita Hitori no Boku e;139311;{'movie': [874745]};1
Kimitachi wa Dou Ikiru ka;109979;{'movie': [508883]};1
Kimu no Juujika;19941;{'movie': [787847]};1
Kin no Kuni Mizu no Kuni;151300;{'movie': [991190]};1
Kindaichi Shounen no Jikenbo Movie 1: Operazakan - Aratanaru Satsujin;2077;{'tv': 23587};1
Kindaichi Shounen no Jikenbo Movie 1: Operazakan - Aratanaru Satsujin;9154;{'tv': 23587};2
Kingsglaive: Final Fantasy XV;21729;{'movie': [390734]};1
Kingyo Chuuihou! (Movie);3155;{'tv': 113381};1
Kiniro Mosaic: Pretty Days;21753;{'movie': [445475]};1
Kiniro Mosaic: Thank You!!;116676;{'movie': [693853]};1
Kinken Chochiku Shiobara Tasuke;103179;{'movie': [381339]};1
Kinnikuman (Movie);3273;{'tv': 43231};1
Kinnikuman (Movie);3274;{'tv': 43231};2
Kinnikuman (Movie);3275;{'tv': 43231};3
Kinnikuman (Movie);3276;{'tv': 43231};4
Kinnikuman (Movie);3277;{'tv': 43231};5
Kinnikuman (Movie);3278;{'tv': 43231};6
Kinnikuman (Movie);3279;{'tv': 43231};7
Kinnikuman II Sei: Second Generations;6310;{'tv': 9550};1
Kinnikuman II Sei: Second Generations;12279;{'tv': 9550};2
Kino no Tabi: The Beautiful World - Nanika wo Suru Tame ni - Life Goes On.;1379;{'tv': 34166};1
Kino no Tabi: The Beautiful World - Nanika wo Suru Tame ni - Life Goes On.;2175;{'tv': 34166};2
Kirakira☆Precure A La Mode Movie: Paritto! Omoide no Mille-Feuille!;98891;{'tv': 69289};1
Kiseichuu no Ichiya;7025;{'movie': [97576]};1
Kitarou Tanjou: Gegege no Nazo;130622;{'movie': [904759]};1
Kizumonogatari: Koyomi Vamp;181970;{'movie': [1189199]};1
Kobayashi-san Chi no Maid Dragon: Samishigariya no Ryuu;181839;{'movie': [1359607]};1
Kobutori (1929);5875;{'movie': [190239]};1
Kochira Katsushikaku Kameari Kouenmae Hashutsujo The Movie;2901;{'tv': 56426};1
Kochira Katsushikaku Kameari Kouenmae Hashutsujo The Movie;3547;{'tv': 56426};2
Koe no Katachi;20954;{'movie': [378064]};1
Kogane no Hana;104423;{'movie': [403203]};1
Koguma no Koro-chan;9850;{'movie': [85808]};1
Kokka Kimigayo;4393;{'movie': [319131]};1
Kokoro ga Sakebitagatterunda.;20968;{'movie': [364111]};1
Kokoro no Chikara;104457;{'movie': [455492]};1
Komadori Movie: Komaneko;7547;{'movie': [62072]};1
Komaneko no Christmas: Maigo ni Natta Present;7461;{'movie': [84507]};1
Konchuu Monogatari Mitsubachi Hutch: Yuuki no Melody;8141;{'tv': 20494};1
Koneko no Rakugaki;6993;{'movie': [172352]};1
Koneko no Studio;6994;{'movie': [334848]};1
Konjiki no Gash Bell!!: 101-banme no Mamono;844;{'tv': 35894};1
Konjiki no Gash Bell!!: 101-banme no Mamono;911;{'tv': 35894};2
Kono Hon wo Nusumu Mono wa;193923;{'movie': [1492347]};1
Kono Sekai no Katasumi ni;15227;{'movie': [378108]};1
Kono Subarashii Sekai ni Shukufuku wo! Movie: Kurenai Densetsu;102976;{'movie': [532067]};1
Koro-sensei Q!;21864;{'tv': 69453};1
Kotonoha no Niwa;16782;{'movie': [198375]};1
Kouchuu Ouja Mushiking: Greatest Champion e no Michi;17469;{'tv': 29153};1
Kouchuu Ouja Mushiking: Greatest Champion e no Michi;2173;{'tv': 29153};2
Koukaku Kidoutai;43;{'tv': 1095};1
Koukaku Kidoutai;468;{'tv': 1095};2
Koukaku Kidoutai;4672;{'tv': 1095};3
Koukaku Kidoutai: SAC_2045 - Jizoku Kanou Sensou;138899;{'movie': [965244]};1
Koukaku Kidoutai: Shin Movie;21057;{'tv': 62070};1
Koukyoushihen Eureka Seven: Pocket ga Niji de Ippai;4246;{'tv': 889};1
Koutetsujou no Kabaneri Movie 3: Unato Kessen;97918;{'movie': [567006]};1
Kouya no Kotobuki Hikoutai Kanzenban;115082;{'tv': 83454};1
Kudan;8332;{'movie': [414413]};1
Kujira (1952);7528;{'movie': [346882]};1
Kujira no Chouyaku;1204;{'movie': [72696]};1
Kuma ni Kuwarenu Otoko;6846;{'movie': [253156]};1
Kumo no Mukou, Yakusoku no Basho;433;{'movie': [12924]};1
Kumo to Tulip;3990;{'movie': [324443]};1
Kuramerukagari;171608;{'movie': [1250784]};1
Kurayukaba;169778;{'movie': [698835]};1
Kurenai no Buta;416;{'movie': [11621]};1
Kuro Nyago;4398;{'movie': [156374]};1
Kuro ga Ita Natsu;3866;{'movie': [452949]};1
Kuro no Su: Chronus;20505;{'movie': [256768]};1
Kuroi Kikori to Shiroi Kikori;7532;{'movie': [389338]};1
Kuroko no Basket Movie 4: Last Game;21377;{'movie': [428707]};1
Kuroshitsuji Movie: Book of the Atlantic;21425;{'tv': 50712};1
Kurumiwari Ningyou;7376;{'movie': [165644]};1
Kusunoki no Bannin;189956;{'movie': [1461201]};1
Kyochuu Rettou Movie;107880;{'movie': [658558]};1
Kyojin no Hoshi: Chizome no Kesshousen;17441;{'tv': 118453};1
Kyojin no Hoshi: Chizome no Kesshousen;17443;{'tv': 118453};2
Kyojin no Hoshi: Chizome no Kesshousen;17445;{'tv': 118453};3
Kyojin no Hoshi: Chizome no Kesshousen;17447;{'tv': 118453};4
Kyojin no Hoshi: Chizome no Kesshousen;17439;{'tv': 118453};5
Kyouryoku Boukuusen;104360;{'movie': [742339]};1
Kyoushoku Soukou Guyver;2293;{'tv': 45264};1
Kyubi no Kitsune to Tobimaru (Sesshoseki);17673;{'movie': [868537]};1
Lady Lady!! (1988);9773;{'tv': 44666};1
Laidbackers;104721;{'movie': [572647]};1
Last Exile: Ginyoku no Fam Movie - Over the Wishes;21469;{'movie': [372757]};1
Layton Kyouju to Eien no Utahime;6172;{'movie': [41066]};1
Little Nemo;2286;{'movie': [22611]};1
Little Witch Academia;14349;{'movie': [182131]};1
Little Witch Academia: Mahoujikake no Parade;19489;{'movie': [347413]};1
Long Dao Qi Yuan;5889;{'movie': [80779]};1
Look Back;174788;{'movie': [1244492]};1
Loups=Garous;7598;{'movie': [56362]};1
Love Live! Sunshine!! The School Idol Movie: Over the Rainbow;100965;{'tv': 65383};1
Love Live! The School Idol Movie;20766;{'tv': 53721};1
Luo Xiao Hei Zhan Ji (Movie);112023;{'movie': [620249]};1
Lupin III: Pilot Film;5225;{'tv': 31572};1
Lupin III: Pilot Film;1435;{'tv': 31572};2
Lupin III: Pilot Film;1430;{'tv': 31572};3
Lupin III: Pilot Film;1433;{'tv': 31572};4
Lupin III: Pilot Film;1432;{'tv': 31572};5
Lupin III: Pilot Film;1419;{'tv': 31572};6
Lupin III: Pilot Film;1416;{'tv': 31572};7
Lupin III: Pilot Film;20978;{'tv': 31572};8
Lupin III: Pilot Film;97619;{'tv': 31572};9
Lupin III: Pilot Film;107313;{'tv': 31572};10
Lupin III: The First;110413;{'movie': [614587]};1
Lupin the IIIrd the Movie: Fujimi no Ketsuzoku;185084;{'movie': [1395140]};1
MAPS: Densetsu no Samayoeru Seijin-tachi;3183;{'tv': 113380};1
Maabou no Daikyousou;6840;{'movie': [380621]};1
Maabou no Kinoshita Toukichirou;6841;{'movie': [358531]};1
Macross 7 Movie: Ginga ga Ore wo Yondeiru!;1400;{'tv': 21735};1
Macross F Movie 1: Itsuwari no Utahime;5310;{'tv': 5857};1
Macross F Movie 1: Itsuwari no Utahime;7222;{'tv': 5857};2
Macross Plus Movie Edition;1211;{'movie': [18837]};1
Macross Δ Movie: Gekijou no Walküre;101126;{'tv': 66111};1
Macross: Do You Remember Love?;1089;{'tv': 21734};1
Made in Abyss Movie 3: Fukaki Tamashii no Reimei;100643;{'movie': [573730]};1
Magic Tree House;10690;{'movie': [126710]};1
Magical★Taruruuto-kun Movie;105193;{'tv': 44303};1
Magical★Taruruuto-kun Movie;105195;{'tv': 44303};2
Magical★Taruruuto-kun: Moeru! Yuujou no Mahou Taisen;105194;{'movie': [1148703]};1
Mahou Sensei Negima! Movie: Anime Final;7135;{'movie': [102070]};1
Mahou Shoujo Lalabel: Umi ga Yobu Natsuyasumi;7807;{'tv': 43549};1
Mahou Shoujo Lyrical Nanoha: Detonation;99614;{'movie': [547912]};1
Mahou Shoujo Lyrical Nanoha: Reflection;17947;{'movie': [432057]};1
Mahou Shoujo Lyrical Nanoha: The Movie 1st;4985;{'movie': [50716]};1
Mahou Shoujo Lyrical Nanoha: The Movie 2nd A's;10153;{'movie': [181522]};1
Mahou Shoujo Madoka★Magica Movie 4: Walpurgis no Kaiten;133007;{'movie': [822653]};1
Mahou Shoujo Madoka★Magica: Concept Movie;101090;{'movie': [418189]};1
Mahou no Pen;7524;{'movie': [388869]};1
Mahou no Princess Minky Momo vs. Mahou no Tenshi Creamy Mami;8972;{'tv': 35871};1
Mahoujin Guruguru Movie;796;{'tv': 36247};1
Mahouka Koukou no Rettousei Movie: Hoshi wo Yobu Shoujo;21684;{'movie': [431821]};1
Mahouka Koukou no Rettousei Movie: Yotsuba Keishou-hen;178707;{'movie': [1310387]};1
Mahoutsukai Precure! Movie: Kiseki no Henshin! Cure Mofurun!;98746;{'movie': [445871]};1
Mahoutsukai Sally (Movie);17719;{'tv': 36450};1
Mai Mai Shinko to Sennen no Mahou;5084;{'movie': [64809]};1
Maison Ikkoku: Kanketsu-hen;2460;{'tv': 43018};1
Majo no Takkyuubin;512;{'movie': [16859]};1
Majokko Shimai no Yoyo to Nene;15813;{'movie': [239530]};1
Major Movie: Yuujou no Winning Shot;5029;{'tv': 29602};1
Make a Girl;154064;{'movie': [1179505]};1
Maken Liner 0011 Henshin Seyo!;11269;{'movie': [398334]};1
Makoto-chan;8372;{'movie': [455695]};1
Manga Aesop Monogatari;109942;{'movie': [79639]};1
Manga Revue Haru;107670;{'movie': [461706]};1
Mangchi;6695;{'movie': [115543]};1
Manie-Manie: Meikyuu Monogatari;1951;{'movie': [37433]};1
Marco: Haha wo Tazunete Sanzenri;4926;{'movie': [19888]};1
Mari Iyagi;2133;{'movie': [105280]};1
Marmalade Boy Movie;520;{'tv': 35507};1
Maroko;4640;{'tv': 113157};1
Marudase Kintarou;118936;{'movie': [670327]};1
Mary to Majo no Hana;97981;{'movie': [430447]};1
Mass Effect: Paragon Lost;13239;{'movie': [119685]};1
Maya no Isshou;117933;{'movie': [598110]};1
Maze☆Bakunetsu Jikuu: Tenpen Kyoui no Giant;8442;{'tv': 9642};1
Mazinger Z tai Devilman;3898;{'tv': 19253};1
Mazinger Z tai Devilman;4406;{'tv': 19253};2
McDull: Boluo You Wang Zi;9818;{'movie': [85508]};1
McDull: Gushi;9817;{'movie': [73884]};1
McDull: Xiang Dang Dang;9819;{'movie': [23698]};1
Megumi no Daigo: Kajiba no Baka Yarou;3147;{'movie': [412037]};1
Meitantei Conan Movie 01: Tokei Jikake no Matenrou;779;{'tv': 30983};1
Meitantei Conan Movie 01: Tokei Jikake no Matenrou;780;{'tv': 30983};2
Meitantei Conan Movie 01: Tokei Jikake no Matenrou;781;{'tv': 30983};3
Meitantei Conan Movie 01: Tokei Jikake no Matenrou;1363;{'tv': 30983};4
Meitantei Conan Movie 01: Tokei Jikake no Matenrou;1364;{'tv': 30983};5
Meitantei Conan Movie 01: Tokei Jikake no Matenrou;1365;{'tv': 30983};6
Meitantei Conan Movie 01: Tokei Jikake no Matenrou;1366;{'tv': 30983};7
Meitantei Conan Movie 01: Tokei Jikake no Matenrou;1367;{'tv': 30983};8
Meitantei Conan Movie 01: Tokei Jikake no Matenrou;1505;{'tv': 30983};9
Meitantei Conan Movie 01: Tokei Jikake no Matenrou;9785;{'tv': 30983};10
Meitantei Conan Movie 01: Tokei Jikake no Matenrou;1506;{'tv': 30983};11
Meitantei Conan Movie 01: Tokei Jikake no Matenrou;9786;{'tv': 30983};12
Meitantei Conan Movie 01: Tokei Jikake no Matenrou;2171;{'tv': 30983};13
Meitantei Conan Movie 01: Tokei Jikake no Matenrou;4447;{'tv': 30983};14
Meitantei Conan Movie 01: Tokei Jikake no Matenrou;5460;{'tv': 30983};15
Meitantei Conan Movie 01: Tokei Jikake no Matenrou;6467;{'tv': 30983};16
Meitantei Conan Movie 01: Tokei Jikake no Matenrou;9963;{'tv': 30983};17
Meitantei Conan Movie 01: Tokei Jikake no Matenrou;14735;{'tv': 30983};18
Meitantei Conan Movie 01: Tokei Jikake no Matenrou;18429;{'tv': 30983};19
Meitantei Conan Movie 01: Tokei Jikake no Matenrou;20546;{'tv': 30983};20
Meitantei Conan Movie 01: Tokei Jikake no Matenrou;21646;{'tv': 30983};21
Meitantei Conan Movie 01: Tokei Jikake no Matenrou;21470;{'tv': 30983};22
Meitantei Conan Movie 01: Tokei Jikake no Matenrou;98222;{'tv': 30983};23
Meitantei Conan Movie 01: Tokei Jikake no Matenrou;100653;{'tv': 30983};24
Meitantei Conan Movie 01: Tokei Jikake no Matenrou;106206;{'tv': 30983};25
Meitantei Conan Movie 16: 11-ninme no Striker;12117;{'movie': [122583]};1
Meitantei Conan Movie 24: Hiiro no Dangan;113653;{'movie': [662638]};1
Meitantei Conan Movie 25: Halloween no Hanayome;142219;{'movie': [903939]};1
Meitantei Conan Movie 26: Kurogane no Submarine;156841;{'movie': [1047041]};1
Meitantei Conan Movie 27: 100-man Dollar no Michishirube;169754;{'movie': [1209217]};1
Meitantei Conan Movie 28: Sekigan no Flashback;185212;{'movie': [1396965]};1
Meitantei Conan vs. Kaitou Kid;184369;{'movie': [1244064]};1
Meitantei Conan: Haibara Ai Monogatari - Kurogane no Mystery Train;158997;{'movie': [1058906]};1
Meitantei Conan: Hiiro no Fuzai Shoumei;131770;{'movie': [801293]};1
Memories;1462;{'movie': [42994]};1
Memory;1984;{'movie': [85796]};1
Metropolis;522;{'movie': [9606]};1
Midnight Crazy Trail;100361;{'movie': [495867]};1
Midori-ko;9990;{'movie': [116299]};1
Mikan-bune;7497;{'movie': [403206]};1
Mimi wo Sumaseba;585;{'movie': [37797]};1
Mind Game;875;{'movie': [21712]};1
Mirai Shounen Conan (Movie);7308;{'movie': [497537]};1
Mirai Shounen Conan: Kyodaiki Gigant no Fukkatsu;2614;{'tv': 19239};1
Mirai no Mirai;100749;{'movie': [475215]};1
Miyamoto Musashi: Souken ni Haseru Yume;5386;{'movie': [53012]};1
Mizugumo Monmon;4306;{'movie': [222664]};1
Mofa Ya Ma;10149;{'movie': [232468]};1
Momo e no Tegami;10389;{'movie': [100271]};1
Momoko, Kaeru no Uta ga Kikoeru yo.;7877;{'movie': [280439]};1
Momotarou;10758;{'movie': [381332]};1
Momotarou no Umiwashi;6857;{'movie': [118689]};1
Momotarou: Umi no Shinpei;2765;{'movie': [77604]};1
Mononoke Hime;164;{'movie': [128]};1
Mononoke Movie: Karakasa;151117;{'movie': [989730, 1322218, 1322562]};1
Monster Strike The Movie: Hajimari no Basho e;87499;{'tv': 69084};1
Monster Strike the Movie: Lucifer - Zetsubou no Yoake;116962;{'movie': [690511]};1
Monster Strike the Movie: Sora no Kanata;101926;{'movie': [550085]};1
Mori no Densetsu;2456;{'movie': [85793]};1
Mori no Densetsu: Dai Ni Gakushou;103323;{'movie': [433366]};1
Mother: Saigo no Shoujo Eve;1154;{'movie': [42071]};1
Mouretsu Pirates: Abyss of Hyperspace;14817;{'tv': 42501};1
Mura Matsuri;6769;{'movie': [165942]};1
Muramasa;3475;{'movie': [72702]};1
Musha Knight Commando: SD Gundam Scramble;9087;{'tv': 9157};1
Musha Knight Commando: SD Gundam Scramble;9098;{'tv': 9157};2
Mushishi Zoku Shou: Suzu no Shizuku;21008;{'tv': 26867};1
Musume Dojoji;179804;{'movie': [308330]};1
Muumindani no Suisei;2313;{'tv': 67575};1
Muybridge no Ito;10688;{'movie': [255510]};1
Nagagutsu Sanjuushi;5006;{'movie': [194395]};1
Nagagutsu wo Haita Neko;2279;{'movie': [58704]};1
Nagagutsu wo Haita Neko: 80-nichikan Sekai Isshuu;3752;{'movie': [126150]};1
Nagasaki 1945: Angelus no Kane;3465;{'movie': [491360]};1
Namakura Gatana;6654;{'movie': [208624]};1
Nanatsu no Taizai Movie 1: Tenkuu no Torawarebito;99540;{'movie': [507569]};1
Nanatsu no Taizai Movie 2: Hikari ni Norowareshi Mono-tachi;128740;{'movie': [843241]};1
Naruto Movie 1: Dai Katsugeki!! Yuki Hime Ninpouchou Dattebayo!;442;{'tv': 46260};1
Naruto Movie 1: Dai Katsugeki!! Yuki Hime Ninpouchou Dattebayo!;936;{'tv': 46260};2
Naruto Movie 1: Dai Katsugeki!! Yuki Hime Ninpouchou Dattebayo!;2144;{'tv': 46260};3
Naruto: Shippuuden Movie 1;2472;{'tv': 31910};1
Naruto: Shippuuden Movie 1;4437;{'tv': 31910};2
Naruto: Shippuuden Movie 1;6325;{'tv': 31910};3
Naruto: Shippuuden Movie 1;8246;{'tv': 31910};4
Naruto: Shippuuden Movie 1;10659;{'tv': 31910};5
Naruto: Shippuuden Movie 1;10589;{'tv': 31910};6
Naruto: Shippuuden Movie 1;10686;{'tv': 31910};7
Naruto: Shippuuden Movie 1;13667;{'tv': 31910};8
Naruto: Shippuuden Movie 1;16870;{'tv': 31910};9
Naruto: Shippuuden Movie 1;21220;{'tv': 31910};10
Nasu: Andalusia no Natsu;1209;{'movie': [60843]};1
Natsu e no Tobira;2621;{'movie': [179998]};1
Natsu e no Tunnel, Sayonara no Deguchi;142769;{'movie': [916192]};1
Natsume Yuujinchou Movie: Utsusemi ni Musubu;100268;{'movie': [507411]};1
Natsume Yuujinchou: Ishi Okoshi to Ayashiki Raihousha;124132;{'movie': [773621]};1
Neko no Ongaeshi;597;{'movie': [15370]};1
Nemure Omoigo, Sora no Shitone ni;21885;{'movie': [455224]};1
Nerawareta Gakuen;14293;{'movie': [135915]};1
Nezha Nao Hai;8783;{'movie': [74037]};1
Nezumi Monogatari: George to Gerald no Bouken;9789;{'movie': [71004]};1
Nezumi no Rusuban;5811;{'movie': [319125]};1
Ni no Kuni;107727;{'movie': [594188]};1
Nido to Mezamenu Komoriuta;7273;{'movie': [211825]};1
Nihonichi Momotarou;5632;{'movie': [189973]};1
Nine: Original-ban;9242;{'movie': [701874]};1
Ningen Shikkaku: Director's Cut-ban;7651;{'tv': 61289};1
Ningyo;2047;{'movie': [85797]};1
Ninja Batman;100248;{'movie': [485942]};1
Ninja Batman tai Yakuza League;177778;{'movie': [1297763]};1
Ninja Hattori-kun: Nin Nin Ninpo Enikki no Maki;177143;{'tv': 80885};1
Ninja Hattori-kun: Nin Nin Ninpo Enikki no Maki;177144;{'tv': 80885};2
Ninjutsu Hinotama Kozou: Edo no Maki;6833;{'movie': [252795]};1
Ninkuu (Movie);2851;{'tv': 90121};1
Nintama Rantarou Movie;2710;{'tv': 34860};1
Nintama Rantarou Movie;10114;{'tv': 34860};2
Nintama Rantarou Movie: Dokutake Ninja Tai Saikyou no Gunshi;175138;{'movie': [1279788]};1
Nitaboh;1203;{'movie': [20062]};1
No Game No Life: Zero;21875;{'tv': 60808};1
Noel no Fushigi na Bouken;9303;{'movie': [471485]};1
Non Non Biyori Movie: Vacation;98779;{'movie': [494471]};1
Nonsense Monogatari Dai Ippen: Sarugashima;112792;{'movie': [402940]};1
Norakuro Gochou;4394;{'movie': [319162]};1
Norakuro Nitouhei: Enshuu no Maki;4395;{'movie': [319161]};1
Norakuro Nitouhei: Kyouren no Maki;5871;{'movie': [319157]};1
Norakuro Shoui: Nichiyoubi no Kaijiken;6850;{'movie': [380624]};1
Ochou Fujin no Gensou;104425;{'movie': [388876]};1
Odd Taxi Movie: In the Woods;143080;{'movie': [919609]};1
Odin: Koushi Hansen Starlight;1287;{'movie': [76731]};1
Ohi-sama to Kaeru;6828;{'movie': [319196]};1
Oira no Ski;104186;{'movie': [403202]};1
Oira no Yakyuu;5826;{'movie': [234006]};1
Ojamajo Doremi Sharp Movie;2947;{'tv': 20353};1
Ojamajo Doremi Sharp Movie;2948;{'tv': 20353};2
Omae Umasou da na;9204;{'movie': [89825]};1
Omocha Bako Series Dai 3-wa: Ehon 1936-nen;6823;{'movie': [312506]};1
Omoi, Omoware, Furi, Furare;109125;{'movie': [624812]};1
Omoide Poroporo;1029;{'movie': [15080]};1
Omoide no Marnie;20555;{'movie': [242828]};1
Onboro Film;2550;{'movie': [85791]};1
One Piece 3D: Gekisou! Trap Coaster;12001;{'movie': [462387]};1
One Piece 3D: Mugiwara Chase;9999;{'movie': [79082]};1
One Piece Film: Gold;21335;{'movie': [374205]};1
One Piece Film: Red;141902;{'movie': [900667]};1
One Piece Film: Strong World;4155;{'movie': [41498]};1
One Piece Film: Z;12859;{'movie': [176983]};1
One Piece Movie 01;459;{'movie': [19576]};1
One Piece Movie 02: Nejimaki-jima no Daibouken;460;{'movie': [23446]};1
One Piece Movie 03: Chinjuu-jima no Chopper Oukoku;461;{'movie': [44725]};1
One Piece Movie 04: Dead End no Bouken;462;{'movie': [44727]};1
One Piece Movie 05: Norowareta Seiken;463;{'movie': [44728]};1
One Piece Movie 06: Omatsuri Danshaku to Himitsu no Shima;464;{'movie': [44729]};1
One Piece Movie 07: Karakuri-jou no Mecha Kyohei;465;{'movie': [44730]};1
One Piece Movie 08: Episode of Alabasta - Sabaku no Oujo to Kaizoku-tachi;2107;{'movie': [25278]};1
One Piece Movie 09: Episode of Chopper Plus - Fuyu ni Saku, Kiseki no Sakura;3848;{'movie': [44731]};1
One Piece Movie 14: Stampede;105143;{'movie': [568012]};1
Ongaku;111944;{'movie': [626767]};1
Ongaku Shoujo;21071;{'movie': [336481]};1
Oni;7171;{'movie': [106569]};1
Onigamiden;8487;{'movie': [74842]};1
Onkyou Seimeitai Noiseman;1978;{'movie': [72188]};1
Onna Senshi Efe & Jira: Gude no Monshou;2069;{'movie': [411217]};1
Ooatari Sora no Entaku;4392;{'movie': [319138]};1
Ookami Kodomo no Ame to Yuki;12355;{'movie': [110420]};1
Ookii 1-nensei to Chiisana 2-nensei;20504;{'movie': [257473]};1
Oomuro-ke: Dear Sisters;167984;{'movie': [1177096, 1211716]};1
Ooyukiumi no Kaina: Hoshi no Kenja;159886;{'movie': [1071101]};1
Orange: Mirai;97669;{'tv': 66958};1
Osaru no Kantai;4396;{'movie': [319197]};1
Osaru no Sankichi: Boukuusen;6844;{'movie': [358534]};1
Osaru no Sankichi: Totsugeki-tai;4397;{'movie': [319169]};1
Osaru no Tairyou;102637;{'movie': [388877]};1
Osawaga! Super Baby;105230;{'movie': [1610810]};1
Oseam;2141;{'movie': [38562]};1
Osekisho;106927;{'movie': [455489]};1
Oshin;9866;{'movie': [602737]};1
Oshiri Tantei Movie 4: Shiriarty;142806;{'movie': [952083]};1
Oshiri Tantei Movie 6: Star and Moon;185643;{'movie': [1406240]};1
Osomatsu-kun: Suika no Hoshi kara Konnichiwa zansu!;19879;{'tv': 121372};1
Osomatsu-san: Tamashii no Takoyaki Party to Densetsu no Otomarikai;135178;{'movie': [866055]};1
Osu;1982;{'movie': [85794]};1
Otogi no Sekai Ryokou;17675;{'movie': [558703]};1
Otome Game no Hametsu Flag shika Nai Akuyaku Reijou ni Tensei shiteshimatta... Movie;139359;{'movie': [997086]};1
Ougon no Hou: El Cantare no Rekishikan;3496;{'movie': [439096]};1
Ouritsu Uchuugun: Honneamise no Tsubasa;1034;{'movie': [20043]};1
Overlord Movie 1: Fushisha no Ou;98873;{'tv': 64196};1
Overlord Movie 3: Sei Oukoku-hen;133845;{'movie': [1014505]};1
Oyoge ya Oyoge;6842;{'movie': [358533]};1
Oz no Mahoutsukai;7876;{'tv': 66081};1
Palme no Ki;1141;{'movie': [30491]};1
Panda no Daibouken;3758;{'movie': [105224]};1
Panda! Go Panda!;2611;{'movie': [21036]};1
Panda! Go Panda! Rainy Day Circus;111954;{'movie': [123867]};1
Pandane to Tamago-hime;9798;{'movie': [214676]};1
Paprika;1943;{'movie': [4977]};1
Paripi Koumei: Road to Summer Sonia;171026;{'movie': [1211650]};1
Parol no Miraijima;20502;{'movie': [257474]};1
Patalliro! Stardust Keikaku;12663;{'movie': [391590]};1
Penguin Highway;101249;{'movie': [508422]};1
Penguin no Mondai Movie;6063;{'tv': 104398};1
Penguin's Memory: Shiawase Monogatari;16434;{'movie': [416401]};1
Perfect Blue;437;{'movie': [10494]};1
Perrine Monogatari Movie;16458;{'tv': 43951};1
Persona 4 the Animation: The Factor of Hope;14267;{'tv': 46388};1
Phantom of the Kill: Zero kara no Hangyaku;21449;{'movie': [413126]};1
Pia Carrot e Youkoso!!: Sayaka no Koi Monogatari;216;{'tv': 225806};1
Piano no Mori;2594;{'movie': [59298]};1
Pika Don;7117;{'movie': [238273]};1
Pink Mizu Dorobou Ame Dorobou;11659;{'movie': [495197]};1
Planetarian: Hoshi no Hito;21771;{'tv': 67078};1
Planzet;8297;{'movie': [46249]};1
Pokemon Movie 01: Mewtwo no Gyakushuu;528;{'tv': 60572};1
Pokemon Movie 01: Mewtwo no Gyakushuu;5526;{'tv': 60572};2
Pokemon Movie 01: Mewtwo no Gyakushuu;1117;{'tv': 60572};3
Pokemon Movie 01: Mewtwo no Gyakushuu;4792;{'tv': 60572};4
Pokemon Movie 01: Mewtwo no Gyakushuu;1118;{'tv': 60572};5
Pokemon Movie 01: Mewtwo no Gyakushuu;4793;{'tv': 60572};6
Pokemon Movie 01: Mewtwo no Gyakushuu;1119;{'tv': 60572};7
Pokemon Movie 01: Mewtwo no Gyakushuu;4794;{'tv': 60572};8
Pokemon Movie 01: Mewtwo no Gyakushuu;1120;{'tv': 60572};9
Pokemon Movie 01: Mewtwo no Gyakushuu;1121;{'tv': 60572};10
Pokemon Movie 01: Mewtwo no Gyakushuu;5529;{'tv': 60572};11
Pokemon Movie 01: Mewtwo no Gyakushuu;1122;{'tv': 60572};12
Pokemon Movie 01: Mewtwo no Gyakushuu;11019;{'tv': 60572};13
Pokemon Movie 01: Mewtwo no Gyakushuu;1526;{'tv': 60572};14
Pokemon Movie 01: Mewtwo no Gyakushuu;11009;{'tv': 60572};15
Pokemon Movie 01: Mewtwo no Gyakushuu;2201;{'tv': 60572};16
Pokemon Movie 01: Mewtwo no Gyakushuu;2847;{'tv': 60572};17
Pokemon Movie 01: Mewtwo no Gyakushuu;4026;{'tv': 60572};18
Pokemon Movie 01: Mewtwo no Gyakushuu;6178;{'tv': 60572};19
Pokemon Movie 01: Mewtwo no Gyakushuu;7695;{'tv': 60572};20
Pokemon Movie 01: Mewtwo no Gyakushuu;9917;{'tv': 60572};21
Pokemon Movie 01: Mewtwo no Gyakushuu;10740;{'tv': 60572};22
Pokemon Movie 01: Mewtwo no Gyakushuu;12671;{'tv': 60572};23
Pokemon Movie 01: Mewtwo no Gyakushuu;13799;{'tv': 60572};24
Pokemon Movie 01: Mewtwo no Gyakushuu;16680;{'tv': 60572};25
Pokemon Movie 01: Mewtwo no Gyakushuu;20644;{'tv': 60572};26
Pokemon Movie 01: Mewtwo no Gyakushuu;98298;{'tv': 60572};27
Pokemon Movie 01: Mewtwo no Gyakushuu;100744;{'tv': 60572};28
Pokemon Movie 18: Ring no Choumajin Hoopa;21266;{'movie': [350499]};1
Pokemon Movie 19: Volcanion to Karakuri no Magearna;21651;{'movie': [382190]};1
Pokemon Movie 22: Mewtwo no Gyakushuu Evolution;106287;{'movie': [571891]};1
Pokemon Movie 23: Koko;114564;{'movie': [662708]};1
Pokemon: Pikachu to Eevee Friends;16678;{'movie': [377909]};1
Pokemon: Pikachu to Pokemon Ongakutai;21270;{'movie': [389621]};1
Pokemon: Pikachu, Kore Nan no Kagi?;21271;{'movie': [332485]};1
Pokemon: Pikapika Hoshizora Camp;4795;{'movie': [211814]};1
Ponsuke no Haru;104081;{'movie': [443574]};1
Pop in Q;21412;{'movie': [415283]};1
Poppoya-san: Nonki Ekichou;184982;{'movie': [386928]};1
Precure All Stars Movie DX2: Kibou no Hikari☆Rainbow Jewel wo Mamore!;8133;{'tv': 42981};1
Precure All Stars Movie DX2: Kibou no Hikari☆Rainbow Jewel wo Mamore!;9288;{'tv': 42981};2
Precure All Stars Movie DX3: Mirai ni Todoke! Sekai wo Tsunagu☆Nijiiro no Hana;9979;{'tv': 43055};1
Precure All Stars Movie DX3: Mirai ni Todoke! Sekai wo Tsunagu☆Nijiiro no Hana;10821;{'tv': 43055};2
Precure All Stars Movie F;159429;{'movie': [1094448]};1
Precure All Stars Movie New Stage 2: Kokoro no Tomodachi;16442;{'movie': [214722]};1
Precure All Stars Movie New Stage 3: Eien no Tomodachi;20549;{'movie': [285650]};1
Precure All Stars Movie New Stage: Mirai no Tomodachi;12221;{'tv': 45801};1
Precure All Stars Movie: Haru no Carnival♪;21137;{'movie': [315022]};1
Precure All Stars Movie: Minna de Utau♪ - Kiseki no Mahou;21504;{'movie': [413164]};1
Precure Dream Stars! Movie;99642;{'movie': [432128]};1
Precure Miracle Leap Movie: Minna to no Fushigi na Ichinichi;112612;{'movie': [658562]};1
Precure Miracle Universe Movie;106858;{'tv': 85322};1
Precure Miracle Universe Movie;109737;{'tv': 85322};2
Precure Super Stars! Movie;101101;{'tv': 76866};1
Precure Super Stars! Movie;101908;{'tv': 76866};2
Pretty Rhythm Movie: All Star Selection - Prism Show☆Best Ten;20581;{'tv': 108906};1
Project A-Ko;212;{'tv': 87054};1
Project Sekai Movie: Kowareta Sekai to Utaenai Miku;179878;{'movie': [1322752]};1
Promare;99425;{'movie': [553600]};1
Psycho-Pass Movie;20514;{'tv': 43865};1
Psycho-Pass Movie: Providence;153687;{'movie': [1012652]};1
Pyuu to Fuku! Jaguar: Ima, Fuki ni Yukimasu;5240;{'movie': [981727]};1
Quanzhi Gaoshou: Dianfeng Rongyao;108981;{'tv': 71194};1
RahXephon: Tagen Hensoukyoku;758;{'tv': 13375};1
Raiyantsuuri no Uta;9959;{'movie': [447389]};1
Rakudai Majo: Fuuka to Yami no Majo;140173;{'movie': [883095]};1
Rakuen Tsuihou;13391;{'movie': [304023]};1
Ramayana: The Legend of Prince Rama;4921;{'movie': [84092]};1
Ranma ½: Chuugoku Nekonron Daikessen! Okite Yaburi no Gekitou-hen!!;418;{'tv': 57706};1
Ranma ½: Chuugoku Nekonron Daikessen! Okite Yaburi no Gekitou-hen!!;792;{'tv': 57706};2
Ranma ½: Chuugoku Nekonron Daikessen! Okite Yaburi no Gekitou-hen!!;1010;{'tv': 57706};3
Redline;6675;{'movie': [71883]};1
Rennyo to Sono Haha;7473;{'movie': [365079]};1
Ribbon no Kishi (1999);14249;{'tv': 34864};1
Robot Taekwon V;10763;{'movie': [149759]};1
Robot Taekwon V 3tan! Sujung Teukgongdae;16566;{'movie': [492095]};1
Robot Taekwon V: Wooju Jakjeon;16562;{'movie': [492087]};1
Rockman.EXE Movie: Hikari to Yami no Program;2111;{'tv': 5653};1
Rokumon Tengai Mon Colle Knights Movie: Densetsu no Fire Dragon;5314;{'tv': 19260};1
Rokushin Gattai GodMars (1982);9385;{'tv': 22310};1
Roujin Z;2000;{'movie': [35648]};1
Rurouni Kenshin: Meiji Kenkaku Romantan - Ishinshishi e no Chinkonka;46;{'tv': 28136};1
Ryouma! The Prince of Tennis Shinsei Movie: Tennis no Oujisama;113254;{'movie': [650270]};1
Ryuu to Sobakasu no Hime;127271;{'movie': [776305]};1
SF Saiyuuki Starzinger (Movie);17165;{'tv': 44777};1
SF Shinseiki Lensman;2770;{'movie': [25525]};1
SHORT PEACE;17677;{'tv': 240745};1
Sacred Seven: Shirogane no Tsubasa;11635;{'movie': [411712]};1
Saenai Heroine no Sodatekata Fine;100675;{'tv': 69367};1
Saibi;100931;{'movie': [211247]};1
Saint Seiya: Jashin Eris;1256;{'tv': 42444};1
Saint Seiya: Jashin Eris;1258;{'tv': 42444};2
Saint Seiya: Jashin Eris;1255;{'tv': 42444};3
Saint Seiya: Jashin Eris;1260;{'tv': 42444};4
Saint Seiya: Jashin Eris;1259;{'tv': 42444};5
Saint Seiya: Jashin Eris;10687;{'tv': 42444};6
Saint☆Oniisan (Movie);15771;{'tv': 102500};1
Saishuu Gakushou Hibike! Euphonium;188035;{'movie': [1449433]};1
Saiyuuki;4481;{'movie': [76721]};1
Saiyuuki: Son Gokuu Monogatari;7496;{'movie': [452186]};1
Sakasama no Patema;12477;{'movie': [212167]};1
Sakigake!! Otokojuku Movie;4031;{'tv': 88796};1
Sakura;15455;{'movie': [380977]};1
Sakura Taisen: Katsudou Shashin;608;{'tv': 27885};1
Samchongsa: Time Machine 001;13365;{'movie': [365019]};1
Sand Land;158896;{'movie': [1062372]};1
Sangokushi: Dai Ichi Bu - Eiyuu-tachi no Yoake;7696;{'movie': [473197]};1
Sangokushi: Dai Ni Bu - Choukou Moyu!;7697;{'movie': [473200]};1
Sangokushi: Dai San Bu - Harukanaru Taichi;7698;{'movie': [473204]};1
Sankou to Tako: Hyakumanryou Chinsoudou;5874;{'movie': [319144]};1
Santa Company;16381;{'movie': [321211]};1
Santa Company: Christmas no Himitsu;126876;{'movie': [649826]};1
Saru Masamune;4391;{'movie': [234001]};1
Saru to Kani no Gassen;10742;{'movie': [381330]};1
Sarusuberi: Miss Hokusai;20709;{'movie': [267970]};1
Sasaki to Miyano Movie: Sotsugyou-hen;146743;{'movie': [998731]};1
Sayonara Watashi no Cramer Movie: First Touch;123645;{'movie': [739360]};1
Sayonara no Asa ni Yakusoku no Hana wo Kazarou;99457;{'movie': [476292]};1
Seirei Tsukai;1866;{'movie': [409379]};1
Seishun Buta Yarou wa Odekake Sister no Yume wo Minai;154967;{'movie': [1056803]};1
Seishun Buta Yarou wa Randoseru Girl no Yume wo Minai;161474;{'movie': [1086591]};1
Seishun Buta Yarou wa Yumemiru Shoujo no Yume wo Minai;104157;{'tv': 82739};1
Seitokai Yakuindomo Movie;98240;{'tv': 36697};1
Seitokai Yakuindomo Movie 2;113692;{'movie': [653858]};1
Sekai Meisaku Douwa: Hakuchou no Mizuumi;3186;{'movie': [85787]};1
Sekai Meisaku Douwa: Hakuchou no Ouji;3847;{'movie': [46938]};1
Sekai Meisaku Douwa: Mori wa Ikiteiru;3751;{'movie': [80536]};1
Sekai Meisaku Douwa: Oyayubi Hime;3755;{'movie': [86646]};1
Sekai ga Horobiru Mae ni Kimi ni Aitai;148567;{'movie': [980692]};1
Sekaiichi Hatsukoi Movie: Yokozawa Takafumi no Baai;20371;{'tv': 42554};1
Selector Destructed WIXOSS Movie;21274;{'movie': [372765]};1
Self-Portrait;8647;{'movie': [326729]};1
Sen to Chihiro no Kamikakushi;199;{'movie': [129]};1
Senbon Matsubara;19167;{'movie': [598104]};1
Sengoku Basara Movie: The Last Party;9745;{'tv': 25492};1
Sengoku Kitan Youtouden Movie;1378;{'tv': 136039};1
Sengoku Majin Goushougun (Movie);10820;{'tv': 9474};1
Sengoku Majin Goushougun (Movie);2511;{'tv': 9474};2
Sennen Joyuu;1033;{'movie': [33320]};1
Senpai wa Otokonoko Movie: Ame Nochi Hare;182158;{'movie': [1362429]};1
Shakugan no Shana Movie;1815;{'tv': 22634};1
Shanshan de Hongxing: Hongxing Xiao Yongshi;6150;{'movie': [329745]};1
Shenmue: The Movie;4524;{'movie': [13273]};1
Shijin no Shougai;7257;{'movie': [61687]};1
Shika no Ou: Yuna to Yakusoku no Tabi;102891;{'movie': [633844]};1
Shikioriori;101231;{'movie': [513347]};1
Shimajirou no Wow! Movie 1: Shimajirou to Fufu no Daibouken: Sukue! Nanairo no Hana;18943;{'movie': [358607]};1
Shimajirou no Wow! Movie 2: Shimajirou to Kujira no Uta;20550;{'movie': [405461]};1
Shimajirou no Wow! Movie 3: Shimajirou to Ookinaki;131642;{'movie': [506762]};1
Shimajirou no Wow! Movie 4: Shimajirou to Ehon no Kuni;131641;{'movie': [664858]};1
Shimajirou no Wow! Movie 7: Shimajirou to Ururu no Hero Land;116801;{'movie': [657149]};1
Shin Angyo Onshi;884;{'movie': [36345]};1
Shin Kidou Senki Gundam Wing: Endless Waltz Tokubetsu-hen;2273;{'tv': 21730};1
Shin SOS Dai Tokyo Tankentai;4471;{'movie': [25662]};1
Shin Saru Kani Gassen;102627;{'movie': [490953]};1
Shingeki no Kyojin Season 2 Movie: Kakusei no Houkou;100465;{'tv': 1429};1
Shingeki no Kyojin: Chronicle;119113;{'movie': [714194]};1
Shinkansen Henkei Robo Shinkalion: Mirai kara Kita Shinsoku no ALFA-X;110131;{'movie': [635687]};1
Shinseiki Evangelion Movie: Shi to Shinsei;31;{'tv': 890};1
Shinseiki Evangelion Movie: Shi to Shinsei;32;{'tv': 890};2
Shinseiki Evangelion Movie: Shi to Shinsei;2759;{'tv': 890};3
Shinseiki Evangelion Movie: Shi to Shinsei;3784;{'tv': 890};4
Shinseiki Evangelion Movie: Shi to Shinsei;3785;{'tv': 890};5
Shinseiki Evangelion Movie: Shi to Shinsei;3786;{'tv': 890};6
Shinsetsu Kachikachi Yama;10757;{'movie': [442032]};1
Shirobako Movie;101574;{'movie': [532323]};1
Shisha no Sho;7510;{'movie': [25780]};1
Shisha no Teikoku;20965;{'movie': [342588]};1
Shizuku;1989;{'movie': [85792]};1
Shoujo Kakumei Utena: Adolescence Mokushiroku;441;{'tv': 1042};1
Shoujouji no Tanuki-bayashi;7071;{'movie': [319187]};1
Shoujouji no Tanuki-bayashi Ban Danemon;6832;{'movie': [252792]};1
Shoujo☆Kageki Revue Starlight Movie;113024;{'movie': [645440]};1
Shoujo☆Kageki Revue Starlight: Rondo Rondo Rondo;113023;{'movie': [645439]};1
Shounen Jack to Mahoutsukai;9392;{'movie': [123365]};1
Shounen Kenya;2311;{'movie': [121495]};1
Shounen Sarutobi Sasuke;4948;{'movie': [63486]};1
Shouwa Monogatari (Movie);10013;{'tv': 44577};1
Sidonia no Kishi Movie;21154;{'tv': 60831};1
Sidonia no Kishi: Ai Tsumugu Hoshi;99730;{'movie': [725986]};1
Silent Möbius: The Motion Picture;2099;{'tv': 46338};1
Silent Möbius: The Motion Picture;2100;{'tv': 46338};2
Sirius no Densetsu;2029;{'movie': [42776]};1
Slam Dunk (Movie);1764;{'movie': [338379]};1
Slam Dunk: Hoero Basketman-damashii! Hanamichi to Rukawa no Atsuki Natsu;2499;{'movie': [338383]};1
Slam Dunk: Shouhoku Saidai no Kiki! Moero Sakuragi Hanamichi;2498;{'movie': [338382]};1
Slam Dunk: Zenkoku Seiha Da! - Sakuragi Hanamichi;1861;{'movie': [338380]};1
Slayers: The Motion Picture;536;{'tv': 26318};1
Slayers: The Motion Picture;869;{'tv': 26318};2
Slayers: The Motion Picture;868;{'tv': 26318};3
Slayers: The Motion Picture;867;{'tv': 26318};4
Slayers: The Motion Picture;866;{'tv': 26318};5
Smile Precure! Movie: Ehon no Naka wa Minna Chiguhagu!;15307;{'movie': [179883]};1
Sojunghan Nal-ui Kkum;10723;{'movie': [127189]};1
Soliton no Akuma;10718;{'movie': [139027]};1
Sora no Aosa wo Shiru Hito yo;108577;{'movie': [615165]};1
Sora no Momotarou;4390;{'movie': [319181]};1
Sora no Otoshimono: Tokeijikake no Angeloid;9790;{'tv': 37437};1
Sora no Otoshimono: Tokeijikake no Angeloid;12783;{'tv': 37437};2
Soratobu Yuureisen;2811;{'movie': [76722]};1
Sore Ike! Anpanman Movie: Roboly to Pokapoka Present;175152;{'movie': [1142115]};1
Sore Ike! Anpanman: Kirakira Boshi no Namida;16163;{'tv': 56389};1
Sore Ike! Anpanman: Kirakira Boshi no Namida;10061;{'tv': 56389};2
Sore Ike! Anpanman: Kirakira Boshi no Namida;19433;{'tv': 56389};3
Sore Ike! Anpanman: Kirakira Boshi no Namida;10057;{'tv': 56389};4
Sore Ike! Anpanman: Kirakira Boshi no Namida;141057;{'tv': 56389};5
Sore Ike! Anpanman: Kirakira Boshi no Namida;10059;{'tv': 56389};6
Sore Ike! Anpanman: Kirakira Boshi no Namida;121832;{'tv': 56389};7
Sore Ike! Anpanman: Kirakira Boshi no Namida;10056;{'tv': 56389};8
Sore Ike! Anpanman: Kirakira Boshi no Namida;121838;{'tv': 56389};9
Sore Ike! Anpanman: Kirakira Boshi no Namida;143548;{'tv': 56389};10
Sore Ike! Anpanman: Kirakira Boshi no Namida;10058;{'tv': 56389};11
Sore Ike! Anpanman: Kirakira Boshi no Namida;121825;{'tv': 56389};12
Sore Ike! Anpanman: Kirakira Boshi no Namida;10060;{'tv': 56389};13
Sore Ike! Anpanman: Kirakira Boshi no Namida;145475;{'tv': 56389};14
Sore Ike! Anpanman: Kirakira Boshi no Namida;9446;{'tv': 56389};15
Sore Ike! Anpanman: Kirakira Boshi no Namida;121822;{'tv': 56389};16
Sore Ike! Anpanman: Kirakira Boshi no Namida;116045;{'tv': 56389};17
Sore Ike! Anpanman: Kirakira Boshi no Namida;145479;{'tv': 56389};18
Sore Ike! Anpanman: Kirakira Boshi no Namida;145481;{'tv': 56389};19
Sore Ike! Anpanman: Kirakira Boshi no Namida;121830;{'tv': 56389};20
Sore Ike! Anpanman: Kirakira Boshi no Namida;9451;{'tv': 56389};21
Sore Ike! Anpanman: Kirakira Boshi no Namida;112006;{'tv': 56389};22
Sore Ike! Anpanman: Kirakira Boshi no Namida;121837;{'tv': 56389};23
Sore Ike! Anpanman: Kirakira Boshi no Namida;119836;{'tv': 56389};24
Sore Ike! Anpanman: Kirakira Boshi no Namida;17219;{'tv': 56389};25
Sore Ike! Anpanman: Kirakira Boshi no Namida;20113;{'tv': 56389};26
Sore Ike! Anpanman: Kirakira Boshi no Namida;171929;{'tv': 56389};27
Sore Ike! Anpanman: Kirakira Boshi no Namida;174124;{'tv': 56389};28
Sore Ike! Anpanman: Kirakira Boshi no Namida;171928;{'tv': 56389};29
Sore Ike! Anpanman: Kirakira Boshi no Namida;17215;{'tv': 56389};30
Sore Ike! Anpanman: Kirakira Boshi no Namida;140307;{'tv': 56389};31
Sore Ike! Anpanman: Kirakira Boshi no Namida;18591;{'tv': 56389};32
Sore Ike! Anpanman: Kirakira Boshi no Namida;171760;{'tv': 56389};33
Sore Ike! Anpanman: Kirakira Boshi no Namida;148664;{'tv': 56389};34
Sore Ike! Anpanman: Kirakira Boshi no Namida;121826;{'tv': 56389};35
Sore Ike! Anpanman: Kirakira Boshi no Namida;116039;{'tv': 56389};36
Sore Ike! Anpanman: Kirakira Boshi no Namida;121840;{'tv': 56389};37
Sore Ike! Anpanman: Kirakira Boshi no Namida;17213;{'tv': 56389};38
Sore Ike! Anpanman: Kirakira Boshi no Namida;169982;{'tv': 56389};39
Sore Ike! Anpanman: Kirakira Boshi no Namida;9007;{'tv': 56389};40
Sore Ike! Anpanman: Kirakira Boshi no Namida;10684;{'tv': 56389};41
Sore Ike! Anpanman: Kirakira Boshi no Namida;10685;{'tv': 56389};42
Sore Ike! Anpanman: Kirakira Boshi no Namida;14381;{'tv': 56389};43
Sore Ike! Anpanman: Kirakira Boshi no Namida;18357;{'tv': 56389};44
Sore Ike! Anpanman: Kirakira Boshi no Namida;119784;{'tv': 56389};45
Sore Ike! Anpanman: Ruby no Negai;11791;{'movie': [43760]};1
Sougen no Ko Tenguri;11561;{'movie': [101640]};1
Soukou Kihei Votoms: Pailsen Files Movie;7536;{'tv': 32377};1
Soukyuu no Fafner: Dead Aggressor - Heaven and Earth;8098;{'movie': [137502]};1
Souseiki;3473;{'movie': [85803]};1
Space Adventure Cobra;2452;{'tv': 8880};1
Speed;3799;{'movie': [73802]};1
Spriggan;420;{'movie': [16767]};1
Spy x Family Movie: Code: White;158928;{'movie': [1062807]};1
Stand By Me Doraemon 2;122575;{'movie': [728754]};1
Star Driver the Movie;12857;{'tv': 37101};1
Starship Troopers: Invasion;14629;{'movie': [114478]};1
Steamboy;565;{'movie': [8953]};1
"Steins;Gate Movie: Fuka Ryouiki no Déjà vu";11577;{'movie': [225745]};1
Stranger: Mukou Hadan;2418;{'movie': [13980]};1
Street Fighter II Movie;1362;{'tv': 31713};1
Street Fighter II Movie;979;{'tv': 31713};2
Street Fighter II Movie;950;{'tv': 31713};3
Strike Witches Movie;9751;{'tv': 35464};1
Strike Witches: 501 Butai Hasshin Shimasu! Movie;112732;{'movie': [632088]};1
Suki demo Kirai na Amanojaku;148080;{'movie': [1231574]};1
Suki ni Naru Sono Shunkan wo. Kokuhaku Jikkou Iinkai;21757;{'movie': [472516]};1
Sumikko Gurashi Movie 1: Tobidasu Ehon to Himitsu no Ko;111905;{'movie': [636959]};1
Summer Ghost;130050;{'movie': [798544]};1
Summer Wars;5681;{'movie': [28874]};1
Super Doll Licca-chan: Licca-chan Zettai Zetsumei! Doll Knights no Kiseki;10199;{'tv': 21268};1
Super Mario Brothers: Peach-hime Kyuushutsu Daisakusen!;3886;{'movie': [28152]};1
Super Teukgeup Mazinger 7;3252;{'movie': [74438]};1
Suteneko Tora-chan;5662;{'movie': [85815]};1
SutoPuri Movie: Hajimari no Monogatari - Strawberry School Festival!!!;176319;{'movie': [1266536]};1
Suzume no Oyado;6827;{'movie': [319200]};1
Suzume no Tojimari;142770;{'movie': [916224]};1
Suzumiya Haruhi no Shoushitsu;7311;{'tv': 42511};1
Sword Art Online Movie: Ordinal Scale;21403;{'movie': [413594]};1
Sword Art Online: Progressive Movie - Hoshi Naki Yoru no Aria;124140;{'movie': [761898]};1
Sword Art Online: Progressive Movie - Kuraki Yuuyami no Scherzo;140999;{'movie': [893712]};1
Ta ga Tame no Alchemist;107864;{'movie': [597419]};1
Taa-chan no Kaitei Ryokou;6834;{'movie': [319189]};1
Tabekko Doubutsu The Movie;180124;{'movie': [1329578]};1
Tabi;7258;{'movie': [238143]};1
Tachiguishi Retsuden;2388;{'movie': [39267]};1
Taifuu no Noruda;21140;{'movie': [358632]};1
Taiho Shichau zo The Movie;2013;{'tv': 43032};1
Tailenders;6162;{'movie': [60705]};1
Tairiki Tarou no Mucha Shuugyou;4462;{'movie': [189951]};1
Taiyou no Ouji: Horus no Daibouken;1044;{'movie': [52686]};1
Takanashi Rikka Kai: Chuunibyou demo Koi ga Shitai! Movie;19021;{'movie': [214553]};1
Tako no Hone;103930;{'movie': [581054]};1
Tales of Vesperia: The First Strike;6046;{'movie': [39319]};1
Tamako Love Story;20519;{'tv': 48561};1
Tamala 2010: A Punk Cat in Space;2033;{'movie': [39962]};1
Taneyamagahara no Yoru;2767;{'movie': [54058]};1
Tantei Opera Milky Holmes Movie: Gyakushuu no Milky Holmes;21314;{'movie': [372762]};1
Tarou no Banpei Senkoutei no Maki;177180;{'movie': [381336]};1
Tarou-san no Kisha;5873;{'movie': [190289]};1
Tatsu no Ko Tarou;1208;{'movie': [47486]};1
Techno Police 21C;5090;{'movie': [76427]};1
Tekken: Blood Vengeance;10702;{'movie': [79516]};1
Tekkon Kinkreet;2154;{'movie': [13754]};1
Tenchi Muyou! in Love;1006;{'tv': 43004};1
Tenchi Muyou! in Love;1101;{'tv': 43004};2
Tenchi Muyou! in Love;1144;{'tv': 43004};3
Tengen Toppa Gurren Lagann Movie 1: Gurren-hen;4107;{'tv': 21729};1
Tengen Toppa Gurren Lagann Movie 1: Gurren-hen;4565;{'tv': 21729};2
Tengu Taiji;6837;{'movie': [319174]};1
Tenjoubito to Akutobito Saigo no Tatakai;6169;{'tv': 109291};1
Tenjouhen: Utsunomiko;5922;{'movie': [1126130]};1
Tenki no Ko;106286;{'movie': [568160]};1
Tenkuu no Shiro Laputa;513;{'movie': [10515]};1
Tennis no Oujisama Movie 1: Futari no Samurai - The First Game;815;{'movie': [47341]};1
Tennis no Oujisama Movie 2: Eikokushiki Teikyuu Shiro Kessen!;10731;{'movie': [259169]};1
Tennis no Oujisama: Atobe kara no Okurimono - Kimi ni Sasageru Tennis Prince Matsuri;814;{'movie': [408973]};1
Tenrankai no E;3472;{'movie': [73801]};1
Tensei shitara Slime Datta Ken Movie 2: Soukai no Namida-hen;182206;{'movie': [1363974]};1
Tensei shitara Slime Datta Ken Movie: Guren no Kizuna-hen;139498;{'movie': [876792]};1
Terra e...;2560;{'tv': 30237};1
Tetsujin 28-gou: Hakuchuu no Zangetsu;10005;{'tv': 6153};1
Tetsuwan Atom: Chikyuu Saigo no Hi;17961;{'tv': 12050};1
Tetsuwan Atom: Chikyuu Saigo no Hi;17959;{'tv': 12050};2
Tetsuwan Atom: Chikyuu Saigo no Hi;18637;{'tv': 12050};3
Tetsuwan Atom: Chikyuu Saigo no Hi;17963;{'tv': 12050};4
Tetsuwan Atom: Uchuu no Yuusha;10342;{'tv': 10826};1
The Aurora: Umi no Aurora;5943;{'movie': [461711]};1
The Siamese: First Mission;15399;{'movie': [1083837]};1
The Sky Crawlers;3089;{'movie': [15877]};1
The iDOLM@STER Movie: Kagayaki no Mukougawa e!;17437;{'tv': 63463};1
The☆Doraemons: Kaitou Dorapin Nazo no Chousenjou!;2625;{'tv': 57912};1
The☆Doraemons: Kaitou Dorapin Nazo no Chousenjou!;2626;{'tv': 57912};2
The☆Doraemons: Kaitou Dorapin Nazo no Chousenjou!;2628;{'tv': 57912};3
The☆Doraemons: Kaitou Dorapin Nazo no Chousenjou!;2633;{'tv': 57912};4
The☆Doraemons: Kaitou Dorapin Nazo no Chousenjou!;2631;{'tv': 57912};5
Thunderbolt Fantasy Movie: The Sword of Life and Death;100484;{'tv': 67345};1
Tibet Inu Monogatari;10629;{'movie': [80079]};1
Tie Shan Gongzhu;9521;{'movie': [76737]};1
Tiger Mask (Movie);18061;{'tv': 25114};1
Tiger Mask (Movie);18063;{'tv': 25114};2
Tistou Midori no Oyayubi;5895;{'movie': [137894]};1
Toaru Hikuushi e no Tsuioku;9000;{'tv': 77437};1
Toaru Majutsu no Index Movie: Endymion no Kiseki;11743;{'tv': 30980};1
Tobe! Kujira no Peek;2314;{'movie': [172377]};1
Tobira wo Akete;3192;{'movie': [106335]};1
Toki no Tabibito: Time Stranger;3115;{'movie': [112157]};1
Toki wo Kakeru Shoujo;2236;{'movie': [14069]};1
Tokyo Godfathers;759;{'movie': [13398]};1
Tonari no Totoro;523;{'movie': [8392]};1
Tonari no Yamada-kun;415;{'movie': [16198]};1
Top wo Nerae! & Top wo Nerae 2! Gattai Movie!!;1911;{'tv': 66931};1
Tora-chan no Kankan Mushi;10743;{'movie': [86890]};1
Tora-chan to Hanayome;12603;{'movie': [86891]};1
Toriko 3D: Kaimaku Gourmet Adventure!!;10074;{'tv': 38251};1
Toriko 3D: Kaimaku Gourmet Adventure!!;17699;{'tv': 38251};2
Toshi wo Totta Wani;4475;{'movie': [85790]};1
Toshokan Sensou: Kakumei no Tsubasa;11001;{'tv': 89742};1
Totsuzen! Neko no Kuni Banipal Witt;2715;{'movie': [98952]};1
Tottoi;5535;{'movie': [345380]};1
Tottoko Hamtarou Movie 1: Ham-Ham Land Daibouken;7329;{'tv': 5622};1
Tottoko Hamtarou Movie 1: Ham-Ham Land Daibouken;7330;{'tv': 5622};2
Tottoko Hamtarou Movie 1: Ham-Ham Land Daibouken;8108;{'tv': 5622};3
Tottoko Hamtarou Movie 1: Ham-Ham Land Daibouken;8109;{'tv': 5622};4
Touch 2: Sayonara no Okurimono;2492;{'movie': [444936]};1
Touch 3: Kimi ga Toorisugita Ato ni - Don't Pass Me By;2493;{'movie': [334900]};1
Touch: Sebangou no Nai Ace;2491;{'movie': [411931]};1
Toufu Kozou;10261;{'movie': [380883]};1
Trapezium;171291;{'movie': [1216623]};1
Trigun: Badlands Rumble;4106;{'tv': 26453};1
Trinity Seven Movie 1: Eternity Library to Alchemic Girl;21874;{'movie': [428292]};1
Trinity Seven Movie 2: Heavens Library to Crimson Lord;103631;{'movie': [570269]};1
Tropical-Rouge! Precure Movie: Yuki no Princess to Kiseki no Yubiwa!;135864;{'movie': [850367]};1
Tropical-Rouge! Precure Petit Tobikome! Collaboration ♡ Dance Party!;131045;{'tv': 119787};1
Trust (Movie);185901;{'movie': [1479404]};1
Tsubasa Chronicle: Tori Kago no Kuni no Himegimi;807;{'tv': 37565};1
Tsuki no Miya no Oujosama;15139;{'movie': [345472]};1
Tsumiki no Ie;5365;{'movie': [20722]};1
Tsurune Movie: Hajimari no Issha;125261;{'movie': [756234]};1
Turn A Gundam I: Chikyuukou;3963;{'movie': [75175]};1
Turn A Gundam II: Gekkou Chou;3964;{'movie': [75177]};1
UFO Robo Grendizer tai Great Mazinger;4387;{'tv': 9148};1
Uchiage Hanabi, Shita kara Miru ka? Yoko kara Miru ka?;97908;{'movie': [431819]};1
Uchuu Enban Dai-Sensou;5620;{'tv': 46252};1
Uchuu Kaizoku Captain Herlock: Arcadia-gou no Nazo;2470;{'movie': [394253]};1
Uchuu Kyoudai: Itten no Hikari;17573;{'tv': 45209};1
Uchuu Kyoudai: Itten no Hikari;20559;{'tv': 45209};2
Uchuu Senkan Yamato (Movie);711;{'tv': 13339};1
Uchuu Senkan Yamato (Movie);3067;{'tv': 13339};2
Uchuu Senkan Yamato (Movie);3069;{'tv': 13339};3
Uchuu Senkan Yamato (Movie);3072;{'tv': 13339};4
Uchuu Senkan Yamato (Movie);7144;{'tv': 13339};5
Uchuu Senkan Yamato 2199: Hoshimeguru Hakobune;20690;{'tv': 45844};1
Uchuu Senshi Baldios (Movie);4371;{'tv': 19645};1
Uchuu Show e Youkoso;8115;{'movie': [61591]};1
Ugokie Kori no Tatehiki;3929;{'movie': [319146]};1
Ulibyeol Ilhowa Eollugso;102557;{'movie': [252509]};1
Uma Musume: Pretty Derby - Shin Jidai no Tobira;172420;{'movie': [1223178]};1
Umi no Mizu wa Naze Karai;6835;{'movie': [319190]};1
Umi no Momotarou;5661;{'movie': [319145]};1
Umi no Triton (1979);7626;{'tv': 13411};1
Umibe no Étranger;112788;{'movie': [642121]};1
Un-Go: Inga-ron;11531;{'tv': 42142};1
Unico;2427;{'movie': [38563]};1
Unico: Mahou no Shima e;2429;{'movie': [38565]};1
Urashima Tarou (1931);5813;{'movie': [220803]};1
Urashima Tarou (supposed title);7485;{'movie': [624601]};1
Urusei Yatsura 2: Beautiful Dreamer;1921;{'movie': [43967]};1
Urusei Yatsura Movie 1: Only You;1920;{'movie': [150023]};1
Urusei Yatsura Movie 3: Remember My Love;1922;{'movie': [150024]};1
Urusei Yatsura Movie 4: Lum The Forever;1923;{'movie': [150026]};1
Urusei Yatsura Movie 5: Kanketsu-hen;1924;{'movie': [150027]};1
Urusei Yatsura Movie 6: Itsudatte My Darling;1925;{'movie': [150028]};1
Ushiro no Shoumen Daare;2753;{'movie': [80398]};1
Uta no☆Prince-sama♪ Movie: Taboo Night Kisses;172393;{'movie': [1448628]};1
Utopa;21396;{'movie': [433156]};1
Utsu Musume Sayuri;13405;{'movie': [354113]};1
Utsunomiko;5921;{'movie': [838442]};1
Vampire Hunter D;732;{'movie': [9463]};1
Vampire Hunter D (2000);543;{'movie': [15999]};1
Venus Senki;544;{'movie': [31769]};1
Versailles no Bara (Movie);154392;{'movie': [1021679]};1
Versailles no Bara: Seimei Aru Kagiri Aishite;3868;{'tv': 32676};1
Vexille: 2077 Nihon Sakoku;2746;{'movie': [13391]};1
Violet Evergarden Gaiden: Eien to Jidou Shuki Ningyou;109190;{'movie': [610892]};1
Violet Evergarden Movie;103047;{'movie': [533514]};1
Virgin Punk;181449;{'tv': 271604};1
Waga Seishun no Arcadia;2202;{'tv': 37392};1
Wakaokami wa Shougakusei! Movie;101478;{'movie': [521296]};1
Wakaranai Buta;9976;{'movie': [178141]};1
Wake Up, Girls! Shichinin no Idol;20512;{'tv': 74191};1
Wakusei Daikaiju Negadon;3070;{'movie': [123007]};1
Wakusei Robo Danguard Ace tai Konchuu Robot Gundan;8707;{'tv': 9619};1
Wakusei Robo Danguard Ace tai Konchuu Robot Gundan;5515;{'tv': 9619};2
Walking Meat;104746;{'movie': [535180]};1
Wanpaku Ouji no Orochi Taiji;3905;{'movie': [84480]};1
Wanwan Chuushingura;9228;{'movie': [266598]};1
Wata no Kuni Hoshi;1207;{'movie': [256838]};1
Watashi ni Tenshi ga Maiorita! Precious Friends;126425;{'tv': 84666};1
Way back to the Sea;103020;{'movie': [389411]};1
Waza no Tabibito;10904;{'movie': [744791]};1
Windaria;1130;{'movie': [52439]};1
Wonderful Days;548;{'movie': [14258]};1
Wonderful Precure! Movie: Dokidoki Game no Sekai de Daibouken!;169403;{'movie': [1266540]};1
X/1999;155;{'movie': [44587]};1
Xabungle Graffiti;5303;{'tv': 19524};1
Xevious;12799;{'movie': [565360]};1
Xi Avant;10405;{'movie': [199833]};1
Xi Yangyang Yu Hui Tailang: Hu Hu Sheng Wei;9973;{'movie': [52028]};1
Xi Yangyang Yu Hui Tailang: Kaixin Chuang Long Nian;18491;{'movie': [197511]};1
Xi Yangyang Yu Hui Tailang: Niu Qi Chong Tian;6156;{'movie': [52026]};1
Xi Yangyang Yu Hui Tailang: Tu Nian Ding Gua Gua;18489;{'movie': [52031]};1
Xiao Qian;315;{'movie': [44424]};1
Xiongmao Monogatari TaoTao;102460;{'tv': 20514};1
Yaneura no Rudger;142494;{'movie': [913001]};1
Yatterman the Movie: Shin Yattermecha Dai Shuugou! Omocha no Kuni de Dai Ketsudan da Koron;6693;{'tv': 89323};1
Yawara! Sore Yuke Koshinuke Kids!!;2008;{'tv': 30395};1
Yes ka No ka Hanbun ka;112930;{'movie': [719088]};1
Yes! Precure 5 GoGo! Movie: Okashi no Kuni no Happy Birthday;4703;{'tv': 34075};1
Yes! Precure 5 GoGo! Movie: Okashi no Kuni no Happy Birthday;5753;{'tv': 34075};2
Yes! Precure 5 Movie: Kagami no Kuni no Miracle Daibouken!;3051;{'movie': [153577]};1
Yoake Tsugeru Lu no Uta;98249;{'movie': [436120]};1
Yona Yona Penguin;7314;{'movie': [37425]};1
Yoru no Okite;7811;{'movie': [385806]};1
Yoru wa Mijikashi Arukeyo Otome;97917;{'movie': [430214]};1
Youjo Senki Movie;100878;{'movie': [553839]};1
Youjuu Toshi;1107;{'movie': [21453]};1
Youkai Watch Movie 1: Tanjou no Himitsu da Nyan!;20936;{'tv': 66562};1
Youkai Watch Movie 1: Tanjou no Himitsu da Nyan!;20937;{'tv': 66562};2
Youkai Watch Movie 1: Tanjou no Himitsu da Nyan!;121663;{'tv': 66562};3
Youkai Watch Movie 1: Tanjou no Himitsu da Nyan!;114814;{'tv': 66562};4
Youkai Watch Movie 5: Forever Friends;103050;{'movie': [550104]};1
Youkai Watch Movie 6: Youkai Gakuen Y - Neko wa Hero ni Nareru ka;113273;{'movie': [657355]};1
Youkoso Lodoss-tou e!;2840;{'tv': 42713};1
Yousei Florence;4943;{'movie': [116318]};1
Youtai Nuhai Zai Shanghai;102384;{'movie': [273557]};1
Yowamushi Pedal Movie;21114;{'movie': [334372]};1
Yowamushi Pedal: Re:Ride;20808;{'movie': [292740]};1
Yowamushi Pedal: Re:Road;21194;{'movie': [387931]};1
Yowamushi Pedal: Spare Bike;21806;{'movie': [403895]};1
Yuki;8598;{'movie': [315539]};1
Yuki no Yoru no Yume;104424;{'movie': [493273]};1
Yukiguni no Oujisama;121057;{'movie': [1448277]};1
Yuru Camp△ Movie;104460;{'movie': [566466]};1
Yuukai Anna;109203;{'movie': [600227]};1
Yuuki Yuuna wa Yuushabu Shozoku;97856;{'tv': 71493};1
Yuureisen;11447;{'movie': [293902]};1
Yuu☆Yuu☆Hakusho (Movie);882;{'tv': 30669};1
Yuu☆Yuu☆Hakusho (Movie);883;{'tv': 30669};2
Yu☆Gi☆Oh! (Movie);2006;{'tv': 36406};1
Yu☆Gi☆Oh! Hikari no Pyramid;1894;{'tv': 902};1
Yu☆Gi☆Oh! Hikari no Pyramid;6951;{'tv': 902};2
Yu☆Gi☆Oh! Hikari no Pyramid;21265;{'tv': 902};3
Zegapain ADP;21766;{'movie': [412382]};1
Zegapain: STA;168998;{'movie': [1266528]};1
Zombieland Saga Movie: Yumeginga Paradise;140337;{'movie': [959646]};1
Zouressha ga Yatte Kita;11095;{'movie': [598107]};1
Zutto Mae kara Suki deshita. Kokuhaku Jikkou Iinkai;21296;{'movie': [374853]};1
eX-Driver the Movie;378;{'movie': [41421]};1
eX-Driver: Nina & Rei Danger Zone;1733;{'tv': 37181};1
gdgd Fairies Movie: tte Iu Eiga wa Dou kana...?;20887;{'tv': 42140};1
i☆Ris the Movie: Full Energy!!;156727;{'movie': [1045405]};1
xxxHOLiC Movie: Manatsu no Yoru no Yume;793;{'tv': 36250};1
